Date,team,opponent,expected_goals
2026-06-11,Mexico,South Africa,2.6514113866174296
2026-06-11,Korea Republic,Czechia,1.0567632013557462
2026-06-11,South Africa,Mexico,0.6636566072984267
2026-06-11,Czechia,Korea Republic,1.0706656559243188
2026-06-12,Paraguay,United States,1.1608413059031102
2026-06-12,Bosnia-Herzegovina,Canada,1.2355033915707938
2026-06-12,Canada,Bosnia-Herzegovina,1.5206318911404575
2026-06-12,United States,Paraguay,1.8410541791445163
2026-06-13,Haiti,Scotland,0.43803215199228
2026-06-13,Türkiye,Australia,1.3527871903720823
2026-06-13,Brazil,Morocco,1.3306096924763255
2026-06-13,Qatar,Switzerland,0.6993321169890572
2026-06-13,Morocco,Brazil,1.556683413068514
2026-06-13,Switzerland,Qatar,1.9235918169190682
2026-06-13,Scotland,Haiti,1.9114725765191571
2026-06-13,Australia,Türkiye,1.2705299571094841
2026-06-14,Japan,Netherlands,1.2049641188616194
2026-06-14,Curaçao,Germany,0.18514602312890907
2026-06-14,Germany,Curaçao,2.5346641086684008
2026-06-14,Netherlands,Japan,0.9754124542248426
2026-06-14,Ecuador,Côte d'Ivoire,1.3943584357161511
2026-06-14,Sweden,Tunisia,1.3229811519193138
2026-06-14,Tunisia,Sweden,1.2079440846948817
2026-06-14,Côte d'Ivoire,Ecuador,0.9629333383941421
2026-06-15,IR Iran,New Zealand,1.5561259325855283
2026-06-15,Belgium,Egypt,1.5509339454640485
2026-06-15,Spain,Cape Verde,2.0162960459831187
2026-06-15,Uruguay,Saudi Arabia,1.8661727562755215
2026-06-15,New Zealand,IR Iran,0.3146606989544326
2026-06-15,Cape Verde,Spain,0.7325266065609332
2026-06-15,Egypt,Belgium,0.7339847571324625
2026-06-15,Saudi Arabia,Uruguay,0.713581859521081
2026-06-16,Jordan,Austria,0.6235324435022129
2026-06-16,Norway,Iraq,1.4403408333014545
2026-06-16,Algeria,Argentina,0.7480014438782517
2026-06-16,Argentina,Algeria,2.2432074285814907
2026-06-16,Iraq,Norway,0.7911695725342728
2026-06-16,France,Senegal,1.1413278682804573
2026-06-16,Senegal,France,1.2848954665957932
2026-06-16,Austria,Jordan,1.6082881483148708
2026-06-17,Congo DR,Portugal,0.5622236193740534
2026-06-17,Croatia,England,1.458314527324005
2026-06-17,Panama,Ghana,1.6821163021120273
2026-06-17,Colombia,Uzbekistan,1.6535123863894343
2026-06-17,Portugal,Congo DR,1.6669608583810378
2026-06-17,England,Croatia,0.9897752427982474
2026-06-17,Ghana,Panama,0.6536521339406578
2026-06-17,Uzbekistan,Colombia,0.5498031428836797
2026-06-18,Qatar,Canada,0.730174825627536
2026-06-18,South Africa,Czechia,1.2143642059431752
2026-06-18,Bosnia-Herzegovina,Switzerland,0.9262989034896691
2026-06-18,Korea Republic,Mexico,0.7787346207067166
2026-06-18,Mexico,Korea Republic,1.655206503967271
2026-06-18,Canada,Qatar,2.636964135932517
2026-06-18,Czechia,South Africa,1.4272781342463476
2026-06-18,Switzerland,Bosnia-Herzegovina,1.3390734432538702
2026-06-19,United States,Australia,1.7559728909536438
2026-06-19,Scotland,Morocco,0.6189557358489838
2026-06-19,Türkiye,Paraguay,1.209314997443986
2026-06-19,Brazil,Haiti,2.219637698163425
2026-06-19,Australia,United States,1.3330138687563753
2026-06-19,Morocco,Scotland,1.6994584723817971
2026-06-19,Haiti,Brazil,0.2000343057924018
2026-06-19,Paraguay,Türkiye,0.9259540236588297
2026-06-20,Côte d'Ivoire,Germany,0.6662670112534932
2026-06-20,Curaçao,Ecuador,0.3507128185239787
2026-06-20,Japan,Tunisia,1.6466512433179623
2026-06-20,Netherlands,Sweden,1.7103959291542463
2026-06-20,Germany,Côte d'Ivoire,1.5438235423509292
2026-06-20,Ecuador,Curaçao,1.4090922624827706
2026-06-20,Tunisia,Japan,0.5829395451286717
2026-06-20,Sweden,Netherlands,0.8357572517385183
2026-06-21,Egypt,New Zealand,1.6606988921721753
2026-06-21,Cape Verde,Uruguay,0.9757841316261979
2026-06-21,IR Iran,Belgium,0.7864276387118714
2026-06-21,Spain,Saudi Arabia,2.4329209529590425
2026-06-21,Uruguay,Cape Verde,1.2159737911210942
2026-06-21,New Zealand,Egypt,0.34078693279515626
2026-06-21,Saudi Arabia,Spain,0.500389931917704
2026-06-21,Belgium,IR Iran,0.900194542663207
2026-06-22,Argentina,Austria,2.1092403676092424
2026-06-22,France,Iraq,2.215674705172847
2026-06-22,Norway,Senegal,1.032030997326874
2026-06-22,Senegal,Norway,1.585670795204286
2026-06-22,Jordan,Algeria,0.6450372363045175
2026-06-22,Algeria,Jordan,1.724239072284961
2026-06-22,Austria,Argentina,0.7857349417023752
2026-06-22,Iraq,France,0.5385832298747222
2026-06-23,Portugal,Uzbekistan,1.936127021966314
2026-06-23,Ghana,England,0.5084670780443938
2026-06-23,Croatia,Panama,1.737660608021359
2026-06-23,Congo DR,Colombia,0.5274173046961136
2026-06-23,Panama,Croatia,0.7373706749891185
2026-06-23,England,Ghana,2.2984981593088474
2026-06-23,Uzbekistan,Portugal,0.6163281145669367
2026-06-23,Colombia,Congo DR,1.7690094134730392
2026-06-24,Qatar,Bosnia-Herzegovina,0.8009221419727435
2026-06-24,Haiti,Morocco,0.18936763912573515
2026-06-24,Korea Republic,South Africa,1.7089105114561007
2026-06-24,Mexico,Czechia,2.573232294837166
2026-06-24,Switzerland,Canada,1.0409142107971225
2026-06-24,Bosnia-Herzegovina,Qatar,1.514501660346162
2026-06-24,Scotland,Brazil,0.6106884590120674
2026-06-24,Morocco,Haiti,2.232283849055544
2026-06-24,South Africa,Korea Republic,0.812807011275416
2026-06-24,Czechia,Mexico,0.7045357986668312
2026-06-24,Canada,Switzerland,0.9801815049512469
2026-06-24,Brazil,Scotland,1.6862324833702673
2026-06-25,Curaçao,Côte d'Ivoire,0.3938277032026849
2026-06-25,Ecuador,Germany,0.8151605352911762
2026-06-25,Japan,Sweden,1.5780144410873742
2026-06-25,Paraguay,Australia,1.140890677975411
2026-06-25,Türkiye,United States,1.339756727045421
2026-06-25,United States,Türkiye,1.5813880219144483
2026-06-25,Australia,Paraguay,1.244666701919075
2026-06-25,Netherlands,Tunisia,1.6753775138414497
2026-06-25,Sweden,Japan,0.8942707873350679
2026-06-25,Germany,Ecuador,1.2195780613452134
2026-06-25,Côte d'Ivoire,Curaçao,1.6568528477648163
2026-06-25,Tunisia,Netherlands,0.5892620844975716
2026-06-26,France,Norway,2.209222994321724
2026-06-26,Iraq,Senegal,0.6376238469313432
2026-06-26,Saudi Arabia,Cape Verde,0.6977513801541056
2026-06-26,Belgium,New Zealand,2.46661467790836
2026-06-26,Spain,Uruguay,1.2549522685210777
2026-06-26,New Zealand,Belgium,0.17934616489972907
2026-06-26,Egypt,IR Iran,1.0986852231757782
2026-06-26,Cape Verde,Saudi Arabia,1.6606627600641974
2026-06-26,Uruguay,Spain,0.8980137913623344
2026-06-26,Senegal,Iraq,1.7690333887447107
2026-06-26,Norway,France,1.0612856334390302
2026-06-26,IR Iran,Egypt,1.437947343197364
2026-06-27,England,Panama,1.8689047565918357
2026-06-27,Ghana,Croatia,0.733301789649076
2026-06-27,Uzbekistan,Congo DR,1.2840594713630238
2026-06-27,Portugal,Colombia,1.2186089365101611
2026-06-27,Algeria,Austria,1.2423250519645992
2026-06-27,Jordan,Argentina,0.5077936478497979
2026-06-27,Congo DR,Uzbekistan,1.2952532680492432
2026-06-27,Colombia,Portugal,1.2857845227544942
2026-06-27,Croatia,Ghana,2.3663039645188158
2026-06-27,Panama,England,0.7374027223230329
2026-06-27,Argentina,Jordan,2.5218268926867298
2026-06-27,Austria,Algeria,1.3208957156996113
