matchId,date,year,stage,homeTeam,awayTeam,actualOutcome,homeScore,awayScore,eloDiff,elo_homeWin,elo_draw,elo_awayWin,elo_xgHome,elo_xgAway,elo_confidence,elo_correct,ml_homeWin,ml_draw,ml_awayWin,ml_xgHome,ml_xgAway,ml_confidence,ml_correct,ensemble_homeWin,ensemble_draw,ensemble_awayWin,ensemble_xgHome,ensemble_xgAway,ensemble_confidence,ensemble_correct
wc2026-mexico-south-africa,2026-06-11,2026,Group A,Mexico,South Africa,HOME,2,0,273,0.6818,0.2183,0.0999,2.03,0.67,0.6818,1,0.5057,0.2473,0.247,2.91,1.61,0.5057,1,0.5585,0.2386,0.2029,2.65,1.33,0.5585,1
wc2026-south-korea-czech-republic,2026-06-11,2026,Group A,South Korea,Czech Republic,HOME,2,1,106,0.4814,0.2784,0.2402,1.61,1.09,0.4814,1,0.4806,0.2165,0.3029,3.54,1.76,0.4806,1,0.4808,0.2351,0.2841,2.96,1.56,0.4808,1
wc2026-canada-bosnia-and-herzegovina,2026-06-12,2026,Group B,Canada,Bosnia & Herzegovina,DRAW,1,1,122,0.5006,0.2748,0.2246,1.65,1.05,0.5006,0,0.4827,0.2307,0.2866,2.92,1.82,0.4827,0,0.4881,0.2439,0.268,2.54,1.59,0.4881,0
wc2026-usa-paraguay,2026-06-12,2026,Group D,USA,Paraguay,HOME,4,1,142,0.5253,0.2694,0.2053,1.7,1,0.5253,1,0.6506,0.2232,0.1262,2.6,0.91,0.6506,1,0.613,0.2371,0.1499,2.33,0.94,0.613,1
wc2026-qatar-switzerland,2026-06-13,2026,Group B,Qatar,Switzerland,DRAW,1,1,-269,0.1023,0.2201,0.6776,0.68,2.02,0.6776,0,0.2609,0.2279,0.5112,1.81,1.84,0.5112,0,0.2133,0.2256,0.5611,1.47,1.89,0.5611,0
wc2026-brazil-morocco,2026-06-13,2026,Group C,Brazil,Morocco,DRAW,1,1,41,0.4033,0.2882,0.3085,1.45,1.25,0.4033,0,0.4386,0.2644,0.297,2.71,1.38,0.4386,0,0.428,0.2715,0.3005,2.33,1.34,0.428,0
wc2026-haiti-scotland,2026-06-13,2026,Group C,Haiti,Scotland,AWAY,0,1,-141,0.206,0.2696,0.5244,1,1.7,0.5244,1,0.2929,0.2474,0.4597,1.77,1.5,0.4597,1,0.2668,0.2541,0.4791,1.54,1.56,0.4791,1
wc2026-germany-curacao,2026-06-14,2026,Group E,Germany,Curaçao,HOME,7,1,351,0.7675,0.1776,0.0549,2.23,0.47,0.7675,1,0.5101,0.2451,0.2448,2.8,1.56,0.5101,1,0.5873,0.2249,0.1878,2.63,1.23,0.5873,1
wc2026-ivory-coast-ecuador,2026-06-14,2026,Group E,Ivory Coast,Ecuador,HOME,1,0,-56,0.2924,0.2868,0.4209,1.21,1.49,0.4209,0,0.4468,0.2097,0.3435,3.58,1.6,0.4468,1,0.4005,0.2328,0.3667,2.87,1.57,0.4005,1
wc2026-netherlands-japan,2026-06-14,2026,Group F,Netherlands,Japan,DRAW,2,2,88,0.4597,0.282,0.2583,1.57,1.13,0.4597,0,0.5937,0.219,0.1873,2.88,1.13,0.5937,0,0.5535,0.2379,0.2086,2.49,1.13,0.5535,0
wc2026-sweden-tunisia,2026-06-14,2026,Group F,Sweden,Tunisia,HOME,5,1,104,0.4796,0.2787,0.2417,1.61,1.09,0.4796,1,0.5334,0.2219,0.2447,2.81,0.99,0.5334,1,0.5173,0.2389,0.2438,2.45,1.02,0.5173,1
wc2026-belgium-egypt,2026-06-15,2026,Group G,Belgium,Egypt,DRAW,1,1,165,0.5532,0.2625,0.1844,1.76,0.94,0.5532,0,0.6657,0.2047,0.1296,2.77,0.94,0.6657,0,0.632,0.222,0.146,2.47,0.94,0.632,0
wc2026-iran-new-zealand,2026-06-15,2026,Group G,Iran,New Zealand,DRAW,2,2,162,0.5499,0.2633,0.1868,1.75,0.95,0.5499,0,0.4804,0.2458,0.2738,2.65,1.65,0.4804,0,0.5013,0.2511,0.2477,2.38,1.44,0.5013,0
wc2026-saudi-arabia-uruguay,2026-06-15,2026,Group H,Saudi Arabia,Uruguay,DRAW,1,1,-139,0.2082,0.2703,0.5216,1,1.7,0.5216,0,0.44,0.2119,0.3481,3.63,1.63,0.44,0,0.3705,0.2294,0.4002,2.84,1.65,0.4002,0
wc2026-spain-cape-verde,2026-06-15,2026,Group H,Spain,Cape Verde,DRAW,0,0,386,0.8037,0.1574,0.0389,2.32,0.38,0.8037,0,0.524,0.238,0.238,2.82,1.52,0.524,0,0.6079,0.2138,0.1783,2.67,1.18,0.6079,0
wc2026-france-senegal,2026-06-16,2026,Group I,France,Senegal,HOME,3,1,238,0.642,0.2341,0.1239,1.95,0.75,0.642,1,0.6876,0.1778,0.1346,2.86,0.95,0.6876,1,0.6739,0.1947,0.1314,2.59,0.89,0.6739,1
wc2026-iraq-norway,2026-06-16,2026,Group I,Iraq,Norway,AWAY,1,4,-342,0.0592,0.1824,0.7584,0.5,2.21,0.7584,1,0.3482,0.2652,0.3866,2.08,1.47,0.3866,1,0.2615,0.2404,0.4981,1.6,1.69,0.4981,1
wc2026-argentina-algeria,2026-06-16,2026,Group J,Argentina,Algeria,HOME,3,0,294,0.7061,0.2077,0.0862,2.09,0.62,0.7061,1,0.708,0.1749,0.1171,2.63,1,0.708,1,0.7074,0.1847,0.1078,2.47,0.88,0.7074,1
wc2026-austria-jordan,2026-06-16,2026,Group J,Austria,Jordan,HOME,3,1,189,0.5832,0.2539,0.1629,1.82,0.88,0.5832,1,0.7102,0.1746,0.1152,2.42,0.89,0.7102,1,0.6721,0.1984,0.1295,2.24,0.89,0.6721,1
wc2026-portugal-dr-congo,2026-06-17,2026,Group K,Portugal,DR Congo,DRAW,1,1,286,0.6972,0.2117,0.0911,2.07,0.63,0.6972,0,0.8043,0.1279,0.0678,3.71,0.9,0.8043,0,0.7722,0.153,0.0748,3.22,0.82,0.7722,0
wc2026-uzbekistan-colombia,2026-06-17,2026,Group K,Uzbekistan,Colombia,AWAY,1,3,-301,0.0821,0.2043,0.7136,0.6,2.1,0.7136,1,0.2446,0.2272,0.5282,1.66,1.88,0.5282,1,0.1959,0.2203,0.5838,1.34,1.95,0.5838,1
wc2026-england-croatia,2026-06-17,2026,Group L,England,Croatia,HOME,4,2,177,0.5679,0.2584,0.1737,1.79,0.91,0.5679,1,0.6094,0.2066,0.184,2.8,1.34,0.6094,1,0.597,0.2221,0.1809,2.5,1.21,0.597,1
wc2026-ghana-panama,2026-06-17,2026,Group L,Ghana,Panama,HOME,1,0,78,0.4476,0.2837,0.2687,1.55,1.15,0.4476,1,0.2942,0.2325,0.4733,1.93,1.62,0.4733,0,0.3402,0.2479,0.4119,1.81,1.48,0.4119,0
wc2026-czech-republic-south-africa,2026-06-18,2026,Group A,Czech Republic,South Africa,DRAW,1,1,31,0.3907,0.289,0.3202,1.43,1.27,0.3907,0,0.4806,0.2165,0.3029,3.54,1.76,0.4806,0,0.4536,0.2383,0.3081,2.91,1.61,0.4536,0
wc2026-mexico-south-korea,2026-06-18,2026,Group A,Mexico,South Korea,HOME,1,0,136,0.5186,0.271,0.2105,1.69,1.01,0.5186,1,0.5057,0.2473,0.247,2.91,1.61,0.5057,1,0.5096,0.2544,0.2361,2.54,1.43,0.5096,1
wc2026-canada-qatar,2026-06-18,2026,Group B,Canada,Qatar,HOME,6,0,158,0.5447,0.2647,0.1906,1.74,0.96,0.5447,1,0.6588,0.202,0.1392,2.77,0.87,0.6588,1,0.6246,0.2208,0.1546,2.46,0.9,0.6246,1
wc2026-switzerland-bosnia-and-herzegovina,2026-06-18,2026,Group B,Switzerland,Bosnia & Herzegovina,HOME,4,1,233,0.6357,0.2364,0.1279,1.93,0.77,0.6357,1,0.49,0.2499,0.2601,2.7,1.6,0.49,1,0.5337,0.2459,0.2204,2.47,1.35,0.5337,1
wc2026-brazil-haiti,2026-06-19,2026,Group C,Brazil,Haiti,HOME,3,0,425,0.8377,0.1363,0.026,2.41,0.3,0.8377,1,0.7827,0.1375,0.0798,3.3,0.88,0.7827,1,0.7992,0.1371,0.0637,3.03,0.71,0.7992,1
wc2026-scotland-morocco,2026-06-19,2026,Group C,Scotland,Morocco,AWAY,0,1,-243,0.1207,0.2322,0.6471,0.74,1.96,0.6471,1,0.2528,0.2303,0.5169,1.51,1.84,0.5169,1,0.2132,0.2309,0.556,1.28,1.88,0.556,1
wc2026-turkey-paraguay,2026-06-19,2026,Group D,Turkey,Paraguay,AWAY,0,1,26,0.3856,0.2893,0.3251,1.42,1.28,0.3856,0,0.4675,0.204,0.3285,3.59,1.44,0.4675,0,0.4429,0.2296,0.3275,2.94,1.39,0.4429,0
wc2026-usa-australia,2026-06-19,2026,Group D,USA,Australia,HOME,2,0,97,0.4703,0.2803,0.2494,1.59,1.11,0.4703,1,0.5514,0.243,0.2056,2.66,1.2,0.5514,1,0.5271,0.2542,0.2187,2.34,1.17,0.5271,1
wc2026-ecuador-curacao,2026-06-20,2026,Group E,Ecuador,Curaçao,DRAW,0,0,249,0.6542,0.2295,0.1163,1.97,0.73,0.6542,0,0.4766,0.2416,0.2818,2.55,1.65,0.4766,0,0.5299,0.238,0.2322,2.38,1.37,0.5299,0
wc2026-germany-ivory-coast,2026-06-20,2026,Group E,Germany,Ivory Coast,HOME,2,1,158,0.5451,0.2646,0.1903,1.75,0.96,0.5451,1,0.5101,0.2451,0.2448,2.8,1.56,0.5101,1,0.5206,0.251,0.2285,2.48,1.38,0.5206,1
wc2026-netherlands-sweden,2026-06-20,2026,Group F,Netherlands,Sweden,HOME,5,1,153,0.5392,0.2661,0.1947,1.73,0.97,0.5392,1,0.6891,0.2006,0.1103,2.68,0.85,0.6891,1,0.6441,0.2203,0.1356,2.4,0.89,0.6441,1
wc2026-tunisia-japan,2026-06-20,2026,Group F,Tunisia,Japan,AWAY,0,4,-169,0.1802,0.261,0.5588,0.93,1.77,0.5588,1,0.3131,0.2285,0.4584,2.09,1.76,0.4584,1,0.2732,0.2383,0.4885,1.74,1.76,0.4885,1
wc2026-belgium-iran,2026-06-21,2026,Group G,Belgium,Iran,DRAW,0,0,143,0.5263,0.2692,0.2045,1.71,0.99,0.5263,0,0.6414,0.2095,0.1491,2.73,1.09,0.6414,0,0.6069,0.2274,0.1657,2.42,1.06,0.6069,0
wc2026-new-zealand-egypt,2026-06-21,2026,Group G,New Zealand,Egypt,AWAY,1,3,-140,0.2073,0.27,0.5227,1,1.7,0.5227,1,0.4521,0.2092,0.3387,3.58,1.52,0.4521,0,0.3787,0.2274,0.3939,2.81,1.57,0.3939,1
wc2026-spain-saudi-arabia,2026-06-21,2026,Group H,Spain,Saudi Arabia,HOME,4,0,352,0.7691,0.1767,0.0542,2.23,0.47,0.7691,1,0.524,0.238,0.238,2.82,1.52,0.524,1,0.5975,0.2196,0.1829,2.64,1.2,0.5975,1
wc2026-uruguay-cape-verde,2026-06-21,2026,Group H,Uruguay,Cape Verde,DRAW,2,2,173,0.5635,0.2597,0.1768,1.78,0.92,0.5635,0,0.4951,0.2508,0.2541,2.7,1.6,0.4951,0,0.5156,0.2535,0.2309,2.42,1.4,0.5156,0
wc2026-france-iraq,2026-06-22,2026,Group I,France,Iraq,HOME,3,0,458,0.8478,0.1282,0.024,2.5,0.3,0.8478,1,0.7414,0.1575,0.1011,3.27,0.81,0.7414,1,0.7733,0.1487,0.078,3.04,0.66,0.7733,1
wc2026-norway-senegal,2026-06-22,2026,Group I,Norway,Senegal,HOME,3,2,122,0.5017,0.2746,0.2237,1.66,1.04,0.5017,1,0.3535,0.2235,0.423,2.32,1.66,0.423,0,0.398,0.2388,0.3632,2.12,1.48,0.398,1
wc2026-argentina-austria,2026-06-22,2026,Group J,Argentina,Austria,HOME,2,0,272,0.6813,0.2185,0.1002,2.03,0.67,0.6813,1,0.7177,0.1683,0.114,2.74,0.92,0.7177,1,0.7068,0.1834,0.1099,2.53,0.84,0.7068,1
wc2026-jordan-algeria,2026-06-22,2026,Group J,Jordan,Algeria,AWAY,1,2,-167,0.182,0.2616,0.5564,0.93,1.77,0.5564,1,0.2973,0.2365,0.4662,1.87,1.58,0.4662,1,0.2627,0.244,0.4933,1.59,1.64,0.4933,1
wc2026-colombia-dr-congo,2026-06-23,2026,Group K,Colombia,DR Congo,HOME,1,0,239,0.6428,0.2338,0.1234,1.95,0.75,0.6428,1,0.8032,0.1296,0.0672,4,1.01,0.8032,1,0.7551,0.1609,0.0841,3.38,0.93,0.7551,1
wc2026-portugal-uzbekistan,2026-06-23,2026,Group K,Portugal,Uzbekistan,HOME,5,0,348,0.7648,0.179,0.0562,2.22,0.48,0.7648,1,0.7074,0.1791,0.1135,2.63,0.8,0.7074,1,0.7246,0.1791,0.0963,2.51,0.7,0.7246,1
wc2026-england-ghana,2026-06-23,2026,Group L,England,Ghana,DRAW,0,0,348,0.7645,0.1792,0.0563,2.22,0.48,0.7645,0,0.7768,0.1398,0.0834,3.14,0.79,0.7768,0,0.7731,0.1516,0.0753,2.86,0.7,0.7731,0
wc2026-panama-croatia,2026-06-23,2026,Group L,Panama,Croatia,AWAY,0,1,-249,0.1163,0.2295,0.6542,0.73,1.97,0.6542,1,0.3187,0.2153,0.466,2.23,1.98,0.466,1,0.258,0.2196,0.5225,1.78,1.98,0.5225,1
wc2026-mexico-czech-republic,2026-06-24,2026,Group A,Mexico,Czech Republic,HOME,3,0,242,0.6463,0.2325,0.1212,1.96,0.74,0.6463,1,0.5057,0.2473,0.247,2.91,1.61,0.5057,1,0.5479,0.2429,0.2093,2.62,1.35,0.5479,1
wc2026-south-africa-south-korea,2026-06-24,2026,Group A,South Africa,South Korea,HOME,1,0,-136,0.2106,0.271,0.5184,1.01,1.69,0.5184,0,0.4806,0.2165,0.3029,3.54,1.76,0.4806,1,0.3996,0.2329,0.3676,2.78,1.74,0.3996,1
wc2026-bosnia-and-herzegovina-qatar,2026-06-24,2026,Group B,Bosnia & Herzegovina,Qatar,HOME,3,1,36,0.3974,0.2886,0.314,1.44,1.26,0.3974,1,0.4825,0.2043,0.3132,3.61,1.39,0.4825,1,0.457,0.2296,0.3134,2.96,1.35,0.457,1
wc2026-canada-switzerland,2026-06-24,2026,Group B,Canada,Switzerland,AWAY,1,2,-111,0.2347,0.2772,0.488,1.07,1.63,0.488,1,0.3882,0.2614,0.3504,2.39,1.54,0.3882,0,0.3422,0.2661,0.3917,1.99,1.57,0.3917,1
wc2026-morocco-haiti,2026-06-24,2026,Group C,Morocco,Haiti,HOME,4,2,384,0.8017,0.1585,0.0397,2.31,0.39,0.8017,1,0.7849,0.136,0.0791,3.35,0.88,0.7849,1,0.7899,0.1428,0.0673,3.04,0.73,0.7899,1
wc2026-scotland-brazil,2026-06-24,2026,Group C,Scotland,Brazil,AWAY,0,3,-284,0.0926,0.2128,0.6946,0.64,2.06,0.6946,1,0.253,0.2304,0.5166,1.51,1.77,0.5166,1,0.2049,0.2251,0.57,1.25,1.86,0.57,1
wc2026-paraguay-australia,2026-06-25,2026,Group D,Paraguay,Australia,DRAW,0,0,-45,0.3045,0.2879,0.4076,1.24,1.46,0.4076,0,0.3992,0.2659,0.3349,2.21,1.52,0.3992,0,0.3708,0.2725,0.3567,1.92,1.5,0.3708,0
wc2026-usa-turkey,2026-06-25,2026,Group D,USA,Turkey,AWAY,2,3,116,0.4934,0.2762,0.2304,1.64,1.06,0.4934,0,0.4924,0.2498,0.2578,2.68,1.6,0.4924,0,0.4927,0.2577,0.2496,2.37,1.44,0.4927,0
wc2026-curacao-ivory-coast,2026-06-25,2026,Group E,Curaçao,Ivory Coast,AWAY,0,2,-193,0.1602,0.2528,0.587,0.87,1.83,0.587,1,0.4806,0.2165,0.3029,3.54,1.76,0.4806,0,0.3845,0.2274,0.3881,2.74,1.78,0.3881,1
wc2026-ecuador-germany,2026-06-25,2026,Group E,Ecuador,Germany,HOME,2,1,-102,0.2445,0.2793,0.4762,1.1,1.6,0.4762,0,0.3338,0.2462,0.42,2.01,1.63,0.42,0,0.307,0.2561,0.4369,1.74,1.62,0.4369,0
wc2026-japan-sweden,2026-06-25,2026,Group F,Japan,Sweden,DRAW,1,1,65,0.432,0.2856,0.2824,1.51,1.19,0.432,0,0.5934,0.2506,0.156,2.61,1.1,0.5934,0,0.545,0.2611,0.1939,2.28,1.13,0.545,0
wc2026-tunisia-netherlands,2026-06-25,2026,Group F,Tunisia,Netherlands,AWAY,1,3,-257,0.1104,0.2256,0.664,0.71,1.99,0.664,1,0.2433,0.2339,0.5228,1.54,1.83,0.5228,1,0.2034,0.2314,0.5652,1.29,1.88,0.5652,1
wc2026-egypt-iran,2026-06-26,2026,Group G,Egypt,Iran,DRAW,1,1,-22,0.3301,0.2895,0.3804,1.3,1.4,0.3804,0,0.418,0.2547,0.3273,2.63,1.5,0.418,0,0.3916,0.2651,0.3432,2.23,1.47,0.3916,0
wc2026-new-zealand-belgium,2026-06-26,2026,Group G,New Zealand,Belgium,AWAY,1,5,-304,0.0801,0.2025,0.7174,0.59,2.11,0.7174,1,0.4289,0.2124,0.3587,3.6,1.62,0.4289,0,0.3243,0.2094,0.4663,2.7,1.77,0.4663,1
wc2026-cape-verde-saudi-arabia,2026-06-26,2026,Group H,Cape Verde,Saudi Arabia,DRAW,0,0,-34,0.3165,0.2888,0.3947,1.27,1.44,0.3947,0,0.4806,0.2165,0.3029,3.54,1.76,0.4806,0,0.4314,0.2382,0.3304,2.86,1.66,0.4314,0
wc2026-uruguay-spain,2026-06-26,2026,Group H,Uruguay,Spain,AWAY,0,1,-213,0.1435,0.2449,0.6117,0.82,1.88,0.6117,1,0.3102,0.2828,0.407,1.87,1.65,0.407,1,0.2602,0.2714,0.4684,1.55,1.72,0.4684,1
wc2026-norway-france,2026-06-26,2026,Group I,Norway,France,AWAY,1,4,-116,0.2304,0.2762,0.4934,1.06,1.64,0.4934,1,0.2618,0.2228,0.5154,1.61,1.49,0.5154,1,0.2524,0.2388,0.5088,1.45,1.53,0.5088,1
wc2026-senegal-iraq,2026-06-26,2026,Group I,Senegal,Iraq,HOME,5,0,220,0.6199,0.2421,0.1381,1.9,0.8,0.6199,1,0.6924,0.1917,0.1159,2.57,0.89,0.6924,1,0.6707,0.2068,0.1226,2.37,0.86,0.6707,1
wc2026-algeria-austria,2026-06-27,2026,Group J,Algeria,Austria,DRAW,3,3,-22,0.3303,0.2895,0.3802,1.3,1.4,0.3802,0,0.4356,0.2451,0.3193,2.63,1.5,0.4356,0,0.404,0.2584,0.3376,2.23,1.47,0.404,0
wc2026-jordan-argentina,2026-06-27,2026,Group J,Jordan,Argentina,AWAY,1,3,-461,0.0239,0.1274,0.8487,0.3,2.5,0.8487,1,0.1352,0.1433,0.7215,1.31,3.4,0.7215,1,0.1018,0.1385,0.7597,1.01,3.13,0.7597,1
wc2026-colombia-portugal,2026-06-27,2026,Group K,Colombia,Portugal,DRAW,0,0,-47,0.3023,0.2877,0.41,1.23,1.47,0.41,0,0.3836,0.294,0.3224,2.44,1.59,0.3836,0,0.3592,0.2921,0.3487,2.08,1.55,0.3592,0
wc2026-dr-congo-uzbekistan,2026-06-27,2026,Group K,DR Congo,Uzbekistan,HOME,3,1,62,0.4282,0.286,0.2858,1.51,1.2,0.4282,1,0.23,0.214,0.556,1.86,2,0.556,0,0.2895,0.2356,0.4749,1.75,1.76,0.4749,0
wc2026-croatia-ghana,2026-06-27,2026,Group L,Croatia,Ghana,HOME,2,1,171,0.5611,0.2603,0.1786,1.78,0.92,0.5611,1,0.7793,0.1356,0.0851,3.38,0.82,0.7793,1,0.7138,0.173,0.1132,2.9,0.85,0.7138,1
wc2026-panama-england,2026-06-27,2026,Group L,Panama,England,AWAY,0,2,-426,0.0259,0.1363,0.8377,0.3,2.41,0.8377,1,0.2605,0.2139,0.5256,1.72,1.83,0.5256,1,0.1901,0.1906,0.6192,1.29,2.01,0.6192,1
wc2026-south-africa-canada,2026-06-28,2026,Round of 32,South Africa,Canada,AWAY,0,1,-134,0.2124,0.2715,0.5161,1.01,1.69,0.5161,1,0.4522,0.2095,0.3383,3.5,1.54,0.4522,0,0.3803,0.2281,0.3916,2.75,1.58,0.3916,1
wc2026-brazil-japan,2026-06-29,2026,Round of 32,Brazil,Japan,HOME,2,1,123,0.502,0.2745,0.2235,1.66,1.04,0.502,1,0.6371,0.211,0.1519,2.94,1.03,0.6371,1,0.5966,0.2301,0.1734,2.56,1.03,0.5966,1
wc2026-germany-paraguay,2026-06-29,2026,Round of 32,Germany,Paraguay,DRAW,1,1,231,0.6332,0.2374,0.1295,1.93,0.77,0.6332,0,0.6825,0.2019,0.1156,2.69,0.85,0.6825,0,0.6677,0.2126,0.1198,2.46,0.83,0.6677,0
wc2026-netherlands-morocco,2026-06-29,2026,Round of 32,Netherlands,Morocco,DRAW,1,1,18,0.3756,0.2897,0.3346,1.39,1.31,0.3756,0,0.424,0.2752,0.3008,2.65,1.44,0.424,0,0.4095,0.2795,0.3109,2.27,1.4,0.4095,0
wc2026-france-sweden,2026-06-30,2026,Round of 32,France,Sweden,HOME,3,0,277,0.6863,0.2164,0.0973,2.04,0.66,0.6863,1,0.7118,0.1842,0.104,2.8,0.84,0.7118,1,0.7042,0.1939,0.102,2.57,0.79,0.7042,1
wc2026-ivory-coast-norway,2026-06-30,2026,Round of 32,Ivory Coast,Norway,AWAY,1,2,-133,0.2136,0.2719,0.5145,1.02,1.68,0.5145,1,0.4539,0.2089,0.3372,3.5,1.54,0.4539,0,0.3818,0.2278,0.3904,2.76,1.58,0.3904,1
wc2026-mexico-ecuador,2026-06-30,2026,Round of 32,Mexico,Ecuador,HOME,2,0,48,0.411,0.2877,0.3013,1.47,1.23,0.411,1,0.5829,0.2297,0.1874,3.01,1.19,0.5829,1,0.5313,0.2471,0.2216,2.55,1.2,0.5313,1
wc2026-belgium-senegal,2026-07-01,2026,Round of 32,Belgium,Senegal,HOME,3,2,39,0.4002,0.2885,0.3114,1.45,1.25,0.4002,1,0.5569,0.2202,0.2229,2.99,1.13,0.5569,1,0.5099,0.2407,0.2495,2.53,1.17,0.5099,1
wc2026-england-dr-congo,2026-07-01,2026,Round of 32,England,DR Congo,HOME,2,1,326,0.7411,0.1911,0.0677,2.16,0.54,0.7411,1,0.8139,0.1233,0.0628,4,0.87,0.8139,1,0.7921,0.1436,0.0643,3.45,0.77,0.7921,1
wc2026-usa-bosnia-and-herzegovina,2026-07-01,2026,Round of 32,USA,Bosnia & Herzegovina,HOME,2,0,-119,0.2271,0.2754,0.4975,1.05,1.65,0.4975,0,0.4868,0.2531,0.2601,2.56,1.6,0.4868,1,0.4089,0.2598,0.3313,2.11,1.61,0.4089,1
wc2026-spain-austria,2026-07-02,2026,Round of 32,Spain,Austria,HOME,3,0,0,0.355,0.29,0.355,1.35,1.35,0.355,0,0.7244,0.1677,0.1079,2.79,0.86,0.7244,1,0.6136,0.2044,0.182,2.36,1.01,0.6136,1
wc2026-portugal-croatia,2026-07-02,2026,Round of 32,Portugal,Croatia,HOME,2,1,0,0.355,0.29,0.355,1.35,1.35,0.355,0,0.5399,0.2319,0.2282,2.94,1.3,0.5399,1,0.4844,0.2493,0.2662,2.46,1.32,0.4844,1
wc2026-switzerland-algeria,2026-07-02,2026,Round of 32,Switzerland,Algeria,HOME,2,0,0,0.355,0.29,0.355,1.35,1.35,0.355,0,0.5507,0.2419,0.2074,2.77,1.2,0.5507,1,0.492,0.2563,0.2517,2.34,1.25,0.492,1
wc2026-canada-morocco,2026-07-04,2026,Round of 32,Canada,Morocco,AWAY,0,3,0,0.355,0.29,0.355,1.35,1.35,0.355,1,0.2818,0.2307,0.4875,1.83,1.83,0.4875,1,0.3038,0.2485,0.4478,1.69,1.69,0.4478,1
wc2026-paraguay-france,2026-07-04,2026,Round of 32,Paraguay,France,AWAY,0,1,0,0.355,0.29,0.355,1.35,1.35,0.355,1,0.2158,0.2194,0.5648,1.27,1.88,0.5648,1,0.2576,0.2406,0.5019,1.29,1.72,0.5019,1
wc2026-brazil-norway,2026-07-05,2026,Round of 32,Brazil,Norway,AWAY,1,2,0,0.355,0.29,0.355,1.35,1.35,0.355,1,0.7025,0.1869,0.1106,2.75,0.85,0.7025,0,0.5982,0.2178,0.1839,2.33,1,0.5982,0
wc2026-mexico-england,2026-07-05,2026,Round of 32,Mexico,England,AWAY,2,3,0,0.355,0.29,0.355,1.35,1.35,0.355,1,0.3431,0.2783,0.3786,2.25,1.56,0.3786,1,0.3467,0.2818,0.3715,1.98,1.5,0.3715,1
wc2002-france-senegal,2002-05-31,2002,GROUP_STAGE,France,Senegal,AWAY,0,1,238,0.642,0.2341,0.1239,1.95,0.75,0.642,0,0.6865,0.1854,0.1281,2.85,0.97,0.6865,0,0.6732,0.2,0.1268,2.58,0.91,0.6732,0
wc2002-republic-of-ireland-cameroon,2002-06-01,2002,GROUP_STAGE,Republic of Ireland,Cameroon,DRAW,1,1,-131,0.2157,0.2724,0.5119,1.02,1.68,0.5119,0,0.479,0.2028,0.3182,3.65,1.4,0.479,0,0.4,0.2237,0.3763,2.86,1.48,0.4,0
wc2002-uruguay-denmark,2002-06-01,2002,GROUP_STAGE,Uruguay,Denmark,AWAY,1,2,6,0.3618,0.29,0.3482,1.36,1.34,0.3618,0,0.4244,0.2666,0.309,2.86,1.56,0.4244,0,0.4056,0.2736,0.3208,2.41,1.49,0.4056,0
wc2002-germany-saudi-arabia,2002-06-01,2002,GROUP_STAGE,Germany,Saudi Arabia,HOME,8,0,237,0.6406,0.2346,0.1248,1.94,0.76,0.6406,1,0.5168,0.2403,0.2429,3.13,1.53,0.5168,1,0.5539,0.2386,0.2075,2.77,1.3,0.5539,1
wc2002-argentina-nigeria,2002-06-02,2002,GROUP_STAGE,Argentina,Nigeria,HOME,1,0,316,0.7308,0.1962,0.073,2.14,0.56,0.7308,1,0.7051,0.1812,0.1137,2.72,0.82,0.7051,1,0.7128,0.1857,0.1015,2.55,0.74,0.7128,1
wc2002-paraguay-south-africa,2002-06-02,2002,GROUP_STAGE,Paraguay,South Africa,DRAW,2,2,98,0.4718,0.2801,0.2482,1.6,1.11,0.4718,0,0.4756,0.2455,0.2789,2.81,1.7,0.4756,0,0.4745,0.2559,0.2697,2.45,1.52,0.4745,0
wc2002-england-sweden,2002-06-02,2002,GROUP_STAGE,England,Sweden,DRAW,1,1,262,0.6698,0.2233,0.1069,2.01,0.69,0.6698,0,0.6929,0.1928,0.1143,2.8,0.82,0.6929,0,0.686,0.202,0.1121,2.56,0.78,0.686,0
wc2002-spain-slovenia,2002-06-02,2002,GROUP_STAGE,Spain,Slovenia,HOME,3,1,510,0.8624,0.1163,0.0213,2.62,0.3,0.8624,1,0.7784,0.1392,0.0824,3.14,0.76,0.7784,1,0.8036,0.1323,0.0641,2.99,0.62,0.8036,1
wc2002-croatia-mexico,2002-06-03,2002,GROUP_STAGE,Croatia,Mexico,AWAY,0,1,-31,0.3199,0.289,0.3911,1.27,1.43,0.3911,1,0.4502,0.2459,0.3039,3.06,1.56,0.4502,0,0.4111,0.2588,0.3301,2.52,1.52,0.4111,0
wc2002-brazil-t-rkiye,2002-06-03,2002,GROUP_STAGE,Brazil,Türkiye,HOME,2,1,443,0.8432,0.1319,0.0249,2.46,0.3,0.8432,1,0.5227,0.2375,0.2398,2.78,1.51,0.5227,1,0.6189,0.2058,0.1753,2.68,1.15,0.6189,1
wc2002-italy-ecuador,2002-06-03,2002,GROUP_STAGE,Italy,Ecuador,HOME,2,0,102,0.477,0.2792,0.2438,1.61,1.09,0.477,1,0.7083,0.1845,0.1072,2.8,0.75,0.7083,1,0.6389,0.2129,0.1482,2.44,0.85,0.6389,1
wc2002-china-pr-costa-rica,2002-06-04,2002,GROUP_STAGE,China PR,Costa Rica,AWAY,0,2,0,0.3551,0.29,0.3548,1.35,1.35,0.3551,0,0.4862,0.2172,0.2966,3.6,1.75,0.4862,0,0.4469,0.239,0.3141,2.93,1.63,0.4469,0
wc2002-japan-belgium,2002-06-04,2002,GROUP_STAGE,Japan,Belgium,DRAW,2,2,-69,0.2785,0.2851,0.4364,1.18,1.52,0.4364,0,0.244,0.2212,0.5348,1.56,1.86,0.5348,0,0.2543,0.2404,0.5053,1.45,1.76,0.5053,0
wc2002-korea-republic-poland,2002-06-04,2002,GROUP_STAGE,Korea Republic,Poland,HOME,2,0,-227,0.1322,0.2389,0.6289,0.78,1.92,0.6289,0,0.4526,0.2113,0.3361,3.65,1.56,0.4526,1,0.3565,0.2196,0.4239,2.79,1.67,0.4239,0
wc2002-russia-tunisia,2002-06-05,2002,GROUP_STAGE,Russia,Tunisia,HOME,2,0,-145,0.2028,0.2687,0.5285,0.99,1.71,0.5285,0,0.4504,0.2332,0.3164,2.75,1.35,0.4504,1,0.3761,0.2439,0.38,2.22,1.46,0.38,0
wc2002-united-states-portugal,2002-06-05,2002,GROUP_STAGE,United States,Portugal,HOME,3,2,-411,0.0295,0.1432,0.8273,0.32,2.38,0.8273,0,0.4356,0.211,0.3534,3.67,1.6,0.4356,1,0.3138,0.1907,0.4956,2.67,1.83,0.4956,0
wc2002-germany-republic-of-ireland,2002-06-05,2002,GROUP_STAGE,Germany,Republic of Ireland,DRAW,1,1,395,0.812,0.1525,0.0355,2.34,0.36,0.812,0,0.5168,0.2403,0.2429,3.13,1.53,0.5168,0,0.6054,0.214,0.1807,2.89,1.18,0.6054,0
wc2002-denmark-senegal,2002-06-06,2002,GROUP_STAGE,Denmark,Senegal,DRAW,1,1,-11,0.343,0.2899,0.3671,1.32,1.38,0.3671,0,0.5674,0.2233,0.2093,2.91,1.19,0.5674,0,0.5001,0.2433,0.2566,2.43,1.25,0.5001,0
wc2002-cameroon-saudi-arabia,2002-06-06,2002,GROUP_STAGE,Cameroon,Saudi Arabia,HOME,1,0,-26,0.325,0.2893,0.3857,1.28,1.42,0.3857,0,0.47,0.2489,0.2811,2.76,1.74,0.47,1,0.4265,0.261,0.3125,2.32,1.64,0.4265,1
wc2002-france-uruguay,2002-06-06,2002,GROUP_STAGE,France,Uruguay,DRAW,0,0,243,0.6476,0.232,0.1204,1.96,0.74,0.6476,0,0.6573,0.196,0.1467,2.93,1.1,0.6573,0,0.6544,0.2068,0.1388,2.64,0.99,0.6544,0
wc2002-sweden-nigeria,2002-06-07,2002,GROUP_STAGE,Sweden,Nigeria,HOME,2,1,81,0.4506,0.2833,0.2661,1.55,1.15,0.4506,1,0.5206,0.2048,0.2746,2.93,1.12,0.5206,1,0.4996,0.2284,0.2721,2.52,1.13,0.4996,1
wc2002-spain-paraguay,2002-06-07,2002,GROUP_STAGE,Spain,Paraguay,HOME,3,1,319,0.7334,0.1949,0.0716,2.15,0.55,0.7334,1,0.715,0.1803,0.1047,2.81,0.75,0.715,1,0.7205,0.1847,0.0948,2.61,0.69,0.7205,1
wc2002-argentina-england,2002-06-07,2002,GROUP_STAGE,Argentina,England,AWAY,0,1,-26,0.3251,0.2893,0.3856,1.28,1.42,0.3856,1,0.4852,0.2358,0.279,2.89,1.24,0.4852,0,0.4372,0.2519,0.311,2.41,1.29,0.4372,0
wc2002-south-africa-slovenia,2002-06-08,2002,GROUP_STAGE,South Africa,Slovenia,HOME,1,0,93,0.4658,0.281,0.2532,1.58,1.12,0.4658,1,0.4924,0.2149,0.2927,3.64,1.39,0.4924,1,0.4844,0.2347,0.2809,3.02,1.31,0.4844,1
wc2002-italy-croatia,2002-06-08,2002,GROUP_STAGE,Italy,Croatia,AWAY,1,2,61,0.4266,0.2862,0.2872,1.5,1.2,0.4266,0,0.5851,0.2196,0.1953,2.86,1.07,0.5851,0,0.5376,0.2396,0.2229,2.45,1.11,0.5376,0
wc2002-brazil-china-pr,2002-06-08,2002,GROUP_STAGE,Brazil,China PR,HOME,4,0,443,0.8432,0.1319,0.0249,2.46,0.3,0.8432,1,0.5227,0.2375,0.2398,2.78,1.51,0.5227,1,0.6189,0.2058,0.1753,2.68,1.15,0.6189,1
wc2002-mexico-ecuador,2002-06-09,2002,GROUP_STAGE,Mexico,Ecuador,HOME,2,1,73,0.4412,0.2845,0.2743,1.53,1.17,0.4412,1,0.6683,0.2104,0.1213,2.96,0.89,0.6683,1,0.6002,0.2326,0.1672,2.53,0.97,0.6002,1
wc2002-costa-rica-t-rkiye,2002-06-09,2002,GROUP_STAGE,Costa Rica,Türkiye,DRAW,1,1,0,0.3551,0.29,0.3548,1.35,1.35,0.3551,0,0.4862,0.2172,0.2966,3.6,1.75,0.4862,0,0.4469,0.239,0.3141,2.93,1.63,0.4469,0
wc2002-japan-russia,2002-06-09,2002,GROUP_STAGE,Japan,Russia,HOME,1,0,314,0.7284,0.1973,0.0743,2.14,0.56,0.7284,1,0.5192,0.2241,0.2567,2.69,1.17,0.5192,1,0.582,0.2161,0.202,2.52,0.99,0.582,1
wc2002-korea-republic-united-states,2002-06-10,2002,GROUP_STAGE,Korea Republic,United States,DRAW,1,1,-38,0.3122,0.2885,0.3993,1.26,1.44,0.3993,0,0.4862,0.2172,0.2966,3.6,1.75,0.4862,0,0.434,0.2386,0.3274,2.9,1.66,0.434,0
wc2002-tunisia-belgium,2002-06-10,2002,GROUP_STAGE,Tunisia,Belgium,DRAW,1,1,-238,0.124,0.2342,0.6418,0.75,1.95,0.6418,0,0.2563,0.2024,0.5413,1.84,1.94,0.5413,0,0.2166,0.2119,0.5715,1.51,1.94,0.5715,0
wc2002-portugal-poland,2002-06-10,2002,GROUP_STAGE,Portugal,Poland,HOME,4,0,221,0.6218,0.2414,0.1368,1.9,0.8,0.6218,1,0.6295,0.239,0.1315,2.75,0.91,0.6295,1,0.6272,0.2397,0.1331,2.5,0.88,0.6272,1
wc2002-denmark-france,2002-06-11,2002,GROUP_STAGE,Denmark,France,HOME,2,0,-249,0.1164,0.2295,0.6541,0.73,1.97,0.6541,0,0.3956,0.2792,0.3252,2.49,1.37,0.3956,1,0.3118,0.2643,0.4239,1.96,1.55,0.4239,0
wc2002-senegal-uruguay,2002-06-11,2002,GROUP_STAGE,Senegal,Uruguay,DRAW,3,3,5,0.3607,0.29,0.3493,1.36,1.34,0.3607,0,0.4121,0.2628,0.3251,2.63,1.57,0.4121,0,0.3967,0.271,0.3324,2.25,1.5,0.3967,0
wc2002-saudi-arabia-republic-of-ireland,2002-06-11,2002,GROUP_STAGE,Saudi Arabia,Republic of Ireland,AWAY,0,3,158,0.5446,0.2647,0.1907,1.74,0.96,0.5446,0,0.4862,0.2172,0.2966,3.6,1.75,0.4862,0,0.5037,0.2315,0.2648,3.04,1.51,0.5037,0
wc2002-cameroon-germany,2002-06-11,2002,GROUP_STAGE,Cameroon,Germany,AWAY,0,2,-264,0.1061,0.2227,0.6712,0.69,2.01,0.6712,1,0.2954,0.2243,0.4803,2.1,1.79,0.4803,1,0.2386,0.2238,0.5376,1.68,1.86,0.5376,1
wc2002-sweden-argentina,2002-06-12,2002,GROUP_STAGE,Sweden,Argentina,DRAW,1,1,-236,0.126,0.2354,0.6386,0.76,1.94,0.6386,0,0.2716,0.218,0.5104,1.85,1.81,0.5104,0,0.2279,0.2232,0.5489,1.52,1.85,0.5489,0
wc2002-nigeria-england,2002-06-12,2002,GROUP_STAGE,Nigeria,England,DRAW,0,0,-343,0.059,0.1821,0.7589,0.49,2.21,0.7589,0,0.2762,0.2096,0.5142,1.82,1.84,0.5142,0,0.211,0.2014,0.5876,1.42,1.95,0.5876,0
wc2002-south-africa-spain,2002-06-12,2002,GROUP_STAGE,South Africa,Spain,AWAY,2,3,-416,0.0275,0.1399,0.8326,0.31,2.39,0.8326,1,0.4283,0.2141,0.3576,3.6,1.62,0.4283,0,0.3081,0.1918,0.5001,2.61,1.85,0.5001,1
wc2002-slovenia-paraguay,2002-06-12,2002,GROUP_STAGE,Slovenia,Paraguay,AWAY,1,3,-191,0.1617,0.2534,0.5849,0.87,1.83,0.5849,1,0.3946,0.2942,0.3112,2.17,1.41,0.3946,0,0.3247,0.282,0.3933,1.78,1.54,0.3933,1
wc2002-costa-rica-brazil,2002-06-13,2002,GROUP_STAGE,Costa Rica,Brazil,AWAY,2,5,-443,0.0249,0.1319,0.8431,0.3,2.46,0.8431,1,0.4132,0.2153,0.3715,3.54,1.69,0.4132,0,0.2967,0.1903,0.513,2.57,1.92,0.513,1
wc2002-t-rkiye-china-pr,2002-06-13,2002,GROUP_STAGE,Türkiye,China PR,HOME,3,0,0,0.3551,0.29,0.3548,1.35,1.35,0.3551,1,0.4862,0.2172,0.2966,3.6,1.75,0.4862,1,0.4469,0.239,0.3141,2.93,1.63,0.4469,1
wc2002-mexico-italy,2002-06-13,2002,GROUP_STAGE,Mexico,Italy,DRAW,1,1,-29,0.3216,0.2891,0.3892,1.28,1.42,0.3892,0,0.3883,0.2895,0.3222,2.62,1.6,0.3883,0,0.3683,0.2894,0.3423,2.22,1.55,0.3683,0
wc2002-ecuador-croatia,2002-06-13,2002,GROUP_STAGE,Ecuador,Croatia,HOME,1,0,-42,0.3082,0.2882,0.4036,1.25,1.45,0.4036,0,0.3093,0.2252,0.4655,2.15,1.59,0.4655,0,0.309,0.2441,0.4469,1.88,1.55,0.4469,0
wc2002-tunisia-japan,2002-06-14,2002,GROUP_STAGE,Tunisia,Japan,AWAY,0,2,-169,0.1802,0.261,0.5588,0.93,1.77,0.5588,1,0.4364,0.235,0.3286,2.72,1.45,0.4364,0,0.3595,0.2428,0.3977,2.18,1.55,0.3977,1
wc2002-belgium-russia,2002-06-14,2002,GROUP_STAGE,Belgium,Russia,HOME,3,2,383,0.8006,0.1592,0.0402,2.31,0.39,0.8006,1,0.7065,0.1815,0.112,2.68,0.89,0.7065,1,0.7347,0.1748,0.0905,2.57,0.74,0.7347,1
wc2002-portugal-korea-republic,2002-06-14,2002,GROUP_STAGE,Portugal,Korea Republic,AWAY,0,1,449,0.845,0.1304,0.0246,2.47,0.3,0.845,0,0.5191,0.2416,0.2393,2.85,1.46,0.5191,0,0.6169,0.2082,0.1749,2.74,1.11,0.6169,0
wc2002-poland-united-states,2002-06-14,2002,GROUP_STAGE,Poland,United States,HOME,3,1,190,0.5836,0.2538,0.1626,1.82,0.88,0.5836,1,0.4776,0.2327,0.2897,2.83,1.84,0.4776,1,0.5094,0.239,0.2516,2.53,1.55,0.5094,1
wc2002-germany-paraguay,2002-06-15,2002,LAST_16,Germany,Paraguay,HOME,1,0,204,0.6005,0.2485,0.1509,1.86,0.84,0.6005,1,0.7066,0.1871,0.1063,3.14,0.83,0.7066,1,0.6748,0.2055,0.1197,2.76,0.83,0.6748,1
wc2002-denmark-england,2002-06-15,2002,LAST_16,Denmark,England,AWAY,0,3,-220,0.1376,0.2418,0.6206,0.8,1.9,0.6206,1,0.4154,0.2842,0.3004,2.65,1.38,0.4154,0,0.3321,0.2715,0.3965,2.09,1.54,0.3965,1
wc2002-sweden-senegal,2002-06-16,2002,LAST_16,Sweden,Senegal,AWAY,1,2,-52,0.2963,0.2872,0.4165,1.22,1.48,0.4165,1,0.4316,0.2476,0.3208,2.68,1.52,0.4316,0,0.391,0.2595,0.3495,2.24,1.51,0.391,0
wc2002-spain-republic-of-ireland,2002-06-16,2002,LAST_16,Spain,Republic of Ireland,DRAW,1,1,510,0.8624,0.1163,0.0213,2.62,0.3,0.8624,0,0.5173,0.2467,0.236,2.78,1.44,0.5173,0,0.6208,0.2076,0.1716,2.73,1.1,0.6208,0
wc2002-mexico-united-states,2002-06-17,2002,LAST_16,Mexico,United States,AWAY,0,2,328,0.743,0.1902,0.0668,2.17,0.53,0.743,0,0.5007,0.2476,0.2517,2.93,1.6,0.5007,0,0.5734,0.2304,0.1962,2.7,1.28,0.5734,0
wc2002-brazil-belgium,2002-06-17,2002,LAST_16,Brazil,Belgium,HOME,2,0,60,0.4256,0.2863,0.2881,1.5,1.2,0.4256,1,0.4486,0.2496,0.3018,2.68,1.5,0.4486,1,0.4417,0.2606,0.2977,2.33,1.41,0.4417,1
wc2002-japan-t-rkiye,2002-06-18,2002,LAST_16,Japan,Türkiye,AWAY,0,1,314,0.7283,0.1974,0.0743,2.14,0.57,0.7283,0,0.4611,0.2392,0.2997,2.48,1.84,0.4611,0,0.5413,0.2267,0.2321,2.38,1.46,0.5413,0
wc2002-korea-republic-italy,2002-06-18,2002,LAST_16,Korea Republic,Italy,HOME,2,1,-395,0.0354,0.1523,0.8123,0.36,2.34,0.8123,0,0.4243,0.2153,0.3604,3.53,1.6,0.4243,1,0.3076,0.1964,0.496,2.58,1.82,0.496,0
wc2002-england-brazil,2002-06-21,2002,QUARTER_FINAL,England,Brazil,AWAY,1,2,68,0.4355,0.2852,0.2793,1.52,1.18,0.4355,0,0.3893,0.2816,0.3291,2.45,1.39,0.3893,0,0.4032,0.2827,0.3142,2.17,1.33,0.4032,0
wc2002-germany-united-states,2002-06-21,2002,QUARTER_FINAL,Germany,United States,HOME,1,0,357,0.7737,0.1742,0.052,2.24,0.46,0.7737,1,0.5146,0.2429,0.2425,3.06,1.53,0.5146,1,0.5923,0.2223,0.1853,2.81,1.21,0.5923,1
wc2002-spain-korea-republic,2002-06-22,2002,QUARTER_FINAL,Spain,Korea Republic,DRAW,0,0,510,0.8624,0.1163,0.0213,2.62,0.3,0.8624,0,0.5173,0.2467,0.236,2.78,1.44,0.5173,0,0.6208,0.2076,0.1716,2.73,1.1,0.6208,0
wc2002-senegal-t-rkiye,2002-06-22,2002,QUARTER_FINAL,Senegal,Türkiye,AWAY,0,1,301,0.7141,0.2041,0.0818,2.1,0.6,0.7141,0,0.477,0.2496,0.2734,2.58,1.61,0.477,0,0.5481,0.236,0.2159,2.44,1.31,0.5481,0
wc2002-germany-korea-republic,2002-06-25,2002,SEMI_FINAL,Germany,Korea Republic,HOME,1,0,395,0.8119,0.1526,0.0355,2.34,0.36,0.8119,1,0.5146,0.2429,0.2425,3.06,1.53,0.5146,1,0.6038,0.2158,0.1804,2.84,1.18,0.6038,1
wc2002-germany-brazil,2002-06-30,2002,FINAL,Germany,Brazil,AWAY,0,2,-48,0.3007,0.2876,0.4117,1.23,1.47,0.4117,1,0.3407,0.2784,0.3809,2.36,1.53,0.3809,1,0.3287,0.2812,0.3901,2.02,1.51,0.3901,1
wc2006-germany-costa-rica,2006-06-09,2006,GROUP_STAGE,Germany,Costa Rica,HOME,4,2,395,0.812,0.1525,0.0355,2.34,0.36,0.812,1,0.5168,0.2403,0.2429,3.13,1.53,0.5168,1,0.6054,0.214,0.1807,2.89,1.18,0.6054,1
wc2006-poland-ecuador,2006-06-09,2006,GROUP_STAGE,Poland,Ecuador,AWAY,0,2,-65,0.2825,0.2856,0.4319,1.19,1.51,0.4319,1,0.5495,0.2454,0.2051,2.86,0.96,0.5495,0,0.4694,0.2575,0.2731,2.36,1.13,0.4694,0
wc2006-england-paraguay,2006-06-10,2006,GROUP_STAGE,England,Paraguay,HOME,1,0,320,0.7351,0.1941,0.0708,2.15,0.55,0.7351,1,0.714,0.1784,0.1076,2.7,0.73,0.714,1,0.7203,0.1831,0.0966,2.54,0.68,0.7203,1
wc2006-trinidad-and-tobago-sweden,2006-06-10,2006,GROUP_STAGE,Trinidad and Tobago,Sweden,DRAW,0,0,-319,0.0717,0.1949,0.7334,0.55,2.15,0.7334,0,0.4535,0.2108,0.3357,3.65,1.56,0.4535,0,0.339,0.206,0.455,2.72,1.74,0.455,0
wc2006-argentina-c-te-divoire,2006-06-10,2006,GROUP_STAGE,Argentina,Côte d'Ivoire,HOME,2,1,485,0.8555,0.1219,0.0226,2.56,0.3,0.8555,1,0.5244,0.2385,0.2371,2.87,1.46,0.5244,1,0.6237,0.2035,0.1728,2.78,1.11,0.6237,1
wc2006-serbia-and-montenegro-netherlands,2006-06-11,2006,GROUP_STAGE,Serbia and Montenegro,Netherlands,AWAY,0,1,-402,0.0328,0.1483,0.8189,0.35,2.35,0.8189,1,0.3262,0.2483,0.4255,2.04,1.47,0.4255,1,0.2382,0.2183,0.5435,1.53,1.74,0.5435,1
wc2006-mexico-ir-iran,2006-06-11,2006,GROUP_STAGE,Mexico,IR Iran,HOME,3,1,366,0.783,0.1692,0.0478,2.26,0.44,0.783,1,0.5032,0.2449,0.2519,3.01,1.6,0.5032,1,0.5871,0.2222,0.1907,2.79,1.25,0.5871,1
wc2006-angola-portugal,2006-06-11,2006,GROUP_STAGE,Angola,Portugal,AWAY,0,1,-449,0.0246,0.1305,0.845,0.3,2.47,0.845,1,0.1784,0.17,0.6516,1.72,2.4,0.6516,1,0.1323,0.1582,0.7096,1.29,2.42,0.7096,1
wc2006-australia-japan,2006-06-12,2006,GROUP_STAGE,Australia,Japan,HOME,3,1,-78,0.2689,0.2837,0.4474,1.16,1.55,0.4474,0,0.405,0.2657,0.3293,2.22,1.37,0.405,1,0.3642,0.2711,0.3647,1.9,1.42,0.3647,0
wc2006-united-states-czech-republic,2006-06-12,2006,GROUP_STAGE,United States,Czech Republic,AWAY,0,3,-85,0.2612,0.2825,0.4564,1.14,1.56,0.4564,1,0.4862,0.2172,0.2966,3.6,1.75,0.4862,0,0.4187,0.2368,0.3445,2.86,1.69,0.4187,0
wc2006-italy-ghana,2006-06-12,2006,GROUP_STAGE,Italy,Ghana,HOME,2,0,232,0.634,0.237,0.1289,1.93,0.77,0.634,1,0.7682,0.1386,0.0932,3.17,0.76,0.7682,1,0.7279,0.1681,0.1039,2.8,0.76,0.7279,1
wc2006-korea-republic-togo,2006-06-13,2006,GROUP_STAGE,Korea Republic,Togo,HOME,2,1,0,0.3551,0.29,0.3548,1.35,1.35,0.3551,1,0.4756,0.2412,0.2832,2.41,1.57,0.4756,1,0.4395,0.2558,0.3047,2.09,1.5,0.4395,1
wc2006-france-switzerland,2006-06-13,2006,GROUP_STAGE,France,Switzerland,DRAW,0,0,201,0.5971,0.2496,0.1533,1.85,0.85,0.5971,0,0.666,0.2009,0.1331,2.82,0.98,0.666,0,0.6453,0.2155,0.1392,2.53,0.94,0.6453,0
wc2006-brazil-croatia,2006-06-13,2006,GROUP_STAGE,Brazil,Croatia,HOME,1,0,109,0.4847,0.2778,0.2375,1.62,1.08,0.4847,1,0.6754,0.178,0.1466,2.81,1.21,0.6754,1,0.6182,0.2079,0.1739,2.45,1.17,0.6182,1
wc2006-spain-ukraine,2006-06-14,2006,GROUP_STAGE,Spain,Ukraine,HOME,4,0,510,0.8624,0.1163,0.0213,2.62,0.3,0.8624,1,0.6785,0.2082,0.1133,2.84,0.78,0.6785,1,0.7337,0.1806,0.0857,2.78,0.64,0.7337,1
wc2006-tunisia-saudi-arabia,2006-06-14,2006,GROUP_STAGE,Tunisia,Saudi Arabia,DRAW,2,2,-13,0.3404,0.2898,0.3698,1.32,1.38,0.3698,0,0.4903,0.2295,0.2802,2.95,1.74,0.4903,0,0.4453,0.2476,0.3071,2.46,1.63,0.4453,0
wc2006-germany-poland,2006-06-14,2006,GROUP_STAGE,Germany,Poland,HOME,1,0,167,0.5563,0.2616,0.182,1.77,0.93,0.5563,1,0.6183,0.242,0.1397,3.24,0.91,0.6183,1,0.5997,0.2479,0.1524,2.8,0.92,0.5997,1
wc2006-ecuador-costa-rica,2006-06-15,2006,GROUP_STAGE,Ecuador,Costa Rica,HOME,3,0,293,0.7049,0.2083,0.0869,2.08,0.62,0.7049,1,0.4722,0.2473,0.2805,2.81,1.74,0.4722,1,0.542,0.2356,0.2224,2.59,1.4,0.542,1
wc2006-england-trinidad-and-tobago,2006-06-15,2006,GROUP_STAGE,England,Trinidad and Tobago,HOME,2,0,581,0.8805,0.1015,0.018,2.8,0.3,0.8805,1,0.5232,0.2409,0.2359,2.87,1.45,0.5232,1,0.6304,0.1991,0.1705,2.85,1.11,0.6304,1
wc2006-sweden-paraguay,2006-06-15,2006,GROUP_STAGE,Sweden,Paraguay,HOME,1,0,58,0.4235,0.2865,0.29,1.5,1.2,0.4235,1,0.6125,0.2289,0.1586,2.86,0.94,0.6125,1,0.5558,0.2462,0.198,2.45,1.02,0.5558,1
wc2006-argentina-serbia-and-montenegro,2006-06-16,2006,GROUP_STAGE,Argentina,Serbia and Montenegro,HOME,6,0,485,0.8555,0.1219,0.0226,2.56,0.3,0.8555,1,0.7016,0.1758,0.1226,2.85,0.84,0.7016,1,0.7478,0.1596,0.0926,2.76,0.68,0.7478,1
wc2006-netherlands-c-te-divoire,2006-06-16,2006,GROUP_STAGE,Netherlands,Côte d'Ivoire,HOME,2,1,402,0.8191,0.1482,0.0327,2.36,0.34,0.8191,1,0.5192,0.2427,0.2381,2.88,1.46,0.5192,1,0.6092,0.2144,0.1765,2.72,1.13,0.6092,1
wc2006-mexico-angola,2006-06-16,2006,GROUP_STAGE,Mexico,Angola,DRAW,0,0,366,0.783,0.1692,0.0478,2.26,0.44,0.783,0,0.7853,0.1428,0.0719,3.87,1.07,0.7853,0,0.7846,0.1507,0.0647,3.39,0.88,0.7846,0
wc2006-portugal-ir-iran,2006-06-17,2006,GROUP_STAGE,Portugal,IR Iran,HOME,2,0,449,0.845,0.1304,0.0246,2.47,0.3,0.845,1,0.5191,0.2416,0.2393,2.85,1.46,0.5191,1,0.6169,0.2082,0.1749,2.74,1.11,0.6169,1
wc2006-czech-republic-ghana,2006-06-17,2006,GROUP_STAGE,Czech Republic,Ghana,AWAY,0,2,-40,0.3101,0.2884,0.4016,1.25,1.45,0.4016,1,0.4914,0.2123,0.2963,3.64,1.39,0.4914,0,0.437,0.2351,0.3279,2.92,1.41,0.437,0
wc2006-italy-united-states,2006-06-17,2006,GROUP_STAGE,Italy,United States,DRAW,1,1,357,0.7743,0.1739,0.0518,2.24,0.46,0.7743,0,0.5233,0.2407,0.236,2.87,1.44,0.5233,0,0.5986,0.2207,0.1807,2.68,1.15,0.5986,0
wc2006-japan-croatia,2006-06-18,2006,GROUP_STAGE,Japan,Croatia,DRAW,0,0,-20,0.3319,0.2896,0.3785,1.3,1.4,0.3785,0,0.3665,0.2739,0.3596,2.15,1.58,0.3665,0,0.3561,0.2786,0.3653,1.89,1.53,0.3653,0
wc2006-brazil-australia,2006-06-18,2006,GROUP_STAGE,Brazil,Australia,HOME,2,0,207,0.6047,0.2472,0.1481,1.87,0.83,0.6047,1,0.6944,0.182,0.1236,2.75,1.11,0.6944,1,0.6675,0.2016,0.131,2.49,1.03,0.6675,1
wc2006-france-korea-republic,2006-06-18,2006,GROUP_STAGE,France,Korea Republic,DRAW,1,1,540,0.8703,0.1098,0.0199,2.7,0.3,0.8703,0,0.5234,0.2399,0.2367,2.87,1.46,0.5234,0,0.6275,0.2009,0.1717,2.82,1.11,0.6275,0
wc2006-togo-switzerland,2006-06-19,2006,GROUP_STAGE,Togo,Switzerland,AWAY,0,2,-339,0.0609,0.1842,0.7549,0.5,2.2,0.7549,1,0.1916,0.1882,0.6202,1.75,2.24,0.6202,1,0.1524,0.187,0.6606,1.38,2.23,0.6606,1
wc2006-saudi-arabia-ukraine,2006-06-19,2006,GROUP_STAGE,Saudi Arabia,Ukraine,AWAY,0,4,158,0.5446,0.2647,0.1907,1.74,0.96,0.5446,0,0.4545,0.2093,0.3362,3.65,1.52,0.4545,0,0.4815,0.2259,0.2925,3.08,1.35,0.4815,0
wc2006-spain-tunisia,2006-06-19,2006,GROUP_STAGE,Spain,Tunisia,HOME,3,1,365,0.7824,0.1695,0.0481,2.26,0.44,0.7824,1,0.6922,0.1931,0.1147,2.81,0.83,0.6922,1,0.7193,0.186,0.0947,2.65,0.71,0.7193,1
wc2006-costa-rica-poland,2006-06-20,2006,GROUP_STAGE,Costa Rica,Poland,AWAY,1,2,-227,0.1322,0.2389,0.6289,0.78,1.92,0.6289,1,0.4526,0.2113,0.3361,3.65,1.56,0.4526,0,0.3565,0.2196,0.4239,2.79,1.67,0.4239,1
wc2006-ecuador-germany,2006-06-20,2006,GROUP_STAGE,Ecuador,Germany,AWAY,0,3,-102,0.2445,0.2793,0.4762,1.1,1.6,0.4762,1,0.2918,0.2265,0.4817,2.14,1.84,0.4817,1,0.2776,0.2423,0.4801,1.83,1.77,0.4801,1
wc2006-paraguay-trinidad-and-tobago,2006-06-20,2006,GROUP_STAGE,Paraguay,Trinidad and Tobago,HOME,2,0,261,0.6683,0.2239,0.1078,2,0.7,0.6683,1,0.4756,0.2455,0.2789,2.81,1.7,0.4756,1,0.5334,0.239,0.2276,2.57,1.4,0.5334,1
wc2006-sweden-england,2006-06-20,2006,GROUP_STAGE,Sweden,England,DRAW,2,2,-262,0.1071,0.2234,0.6695,0.7,2.01,0.6695,0,0.3432,0.2279,0.4289,2.24,1.37,0.4289,0,0.2724,0.2265,0.5011,1.78,1.56,0.5011,0
wc2006-portugal-mexico,2006-06-21,2006,GROUP_STAGE,Portugal,Mexico,HOME,2,1,83,0.454,0.2828,0.2632,1.56,1.14,0.454,1,0.5274,0.2226,0.25,2.97,1.23,0.5274,1,0.5054,0.2407,0.254,2.55,1.2,0.5054,1
wc2006-ir-iran-angola,2006-06-21,2006,GROUP_STAGE,IR Iran,Angola,DRAW,1,1,0,0.3551,0.29,0.3548,1.35,1.35,0.3551,0,0.4714,0.234,0.2946,2.47,1.57,0.4714,0,0.4365,0.2508,0.3127,2.13,1.5,0.4365,0
wc2006-c-te-divoire-serbia-and-montenegro,2006-06-21,2006,GROUP_STAGE,Côte d'Ivoire,Serbia and Montenegro,HOME,3,2,0,0.3551,0.29,0.3548,1.35,1.35,0.3551,1,0.4567,0.2118,0.3315,3.69,1.52,0.4567,1,0.4262,0.2353,0.3385,2.99,1.47,0.4262,1
wc2006-netherlands-argentina,2006-06-21,2006,GROUP_STAGE,Netherlands,Argentina,DRAW,0,0,-83,0.2642,0.283,0.4529,1.14,1.56,0.4529,0,0.4005,0.2882,0.3113,2.51,1.42,0.4005,0,0.3596,0.2866,0.3538,2.1,1.46,0.3596,0
wc2006-ghana-united-states,2006-06-22,2006,GROUP_STAGE,Ghana,United States,HOME,2,1,125,0.5054,0.2738,0.2208,1.66,1.04,0.5054,1,0.4431,0.2432,0.3137,2.71,2.07,0.4431,1,0.4618,0.2524,0.2858,2.4,1.76,0.4618,1
wc2006-czech-republic-italy,2006-06-22,2006,GROUP_STAGE,Czech Republic,Italy,AWAY,0,2,-271,0.1007,0.2189,0.6803,0.67,2.03,0.6803,1,0.4265,0.2124,0.3611,3.6,1.6,0.4265,0,0.3288,0.2144,0.4569,2.72,1.73,0.4569,1
wc2006-japan-brazil,2006-06-22,2006,GROUP_STAGE,Japan,Brazil,AWAY,1,4,-129,0.2177,0.273,0.5093,1.03,1.67,0.5093,1,0.2161,0.2094,0.5745,1.44,2.25,0.5745,1,0.2166,0.2285,0.5549,1.32,2.08,0.5549,1
wc2006-croatia-australia,2006-06-22,2006,GROUP_STAGE,Croatia,Australia,DRAW,2,2,99,0.4725,0.2799,0.2475,1.6,1.1,0.4725,0,0.64,0.2245,0.1355,2.92,1.17,0.64,0,0.5898,0.2411,0.1691,2.52,1.15,0.5898,0
wc2006-saudi-arabia-spain,2006-06-23,2006,GROUP_STAGE,Saudi Arabia,Spain,AWAY,0,1,-352,0.0543,0.1769,0.7688,0.47,2.23,0.7688,1,0.4283,0.2141,0.3576,3.6,1.62,0.4283,0,0.3161,0.2029,0.481,2.66,1.8,0.481,1
wc2006-ukraine-tunisia,2006-06-23,2006,GROUP_STAGE,Ukraine,Tunisia,HOME,1,0,-145,0.2028,0.2687,0.5285,0.99,1.71,0.5285,0,0.4859,0.214,0.3001,2.85,1.42,0.4859,1,0.401,0.2304,0.3686,2.29,1.51,0.401,1
wc2006-togo-france,2006-06-23,2006,GROUP_STAGE,Togo,France,AWAY,0,2,-539,0.0199,0.1099,0.8702,0.3,2.7,0.8702,1,0.1615,0.1645,0.674,1.55,2.58,0.674,1,0.119,0.1481,0.7329,1.18,2.62,0.7329,1
wc2006-switzerland-korea-republic,2006-06-23,2006,GROUP_STAGE,Switzerland,Korea Republic,HOME,2,0,339,0.7552,0.184,0.0608,2.2,0.5,0.7552,1,0.4882,0.2486,0.2632,2.72,1.61,0.4882,1,0.5683,0.2292,0.2025,2.56,1.28,0.5683,1
wc2006-germany-sweden,2006-06-24,2006,LAST_16,Germany,Sweden,HOME,2,0,146,0.53,0.2683,0.2016,1.71,0.99,0.53,1,0.6208,0.2324,0.1468,3.29,0.91,0.6208,1,0.5936,0.2432,0.1632,2.82,0.93,0.5936,1
wc2006-argentina-mexico,2006-06-24,2006,LAST_16,Argentina,Mexico,HOME,2,1,119,0.4975,0.2754,0.2271,1.65,1.05,0.4975,1,0.6623,0.1931,0.1446,2.88,1.1,0.6623,1,0.6129,0.2178,0.1694,2.51,1.09,0.6129,1
wc2006-england-ecuador,2006-06-25,2006,LAST_16,England,Ecuador,HOME,1,0,218,0.6179,0.2427,0.1393,1.9,0.8,0.6179,1,0.712,0.1833,0.1047,2.87,0.75,0.712,1,0.6838,0.2011,0.1151,2.58,0.77,0.6838,1
wc2006-portugal-netherlands,2006-06-25,2006,LAST_16,Portugal,Netherlands,HOME,1,0,47,0.4099,0.2877,0.3023,1.47,1.23,0.4099,1,0.4377,0.2749,0.2874,2.65,1.32,0.4377,1,0.4294,0.2787,0.2919,2.3,1.29,0.4294,1
wc2006-italy-australia,2006-06-26,2006,LAST_16,Italy,Australia,HOME,1,0,159,0.5464,0.2643,0.1893,1.75,0.95,0.5464,1,0.6758,0.1988,0.1254,2.75,1.07,0.6758,1,0.637,0.2185,0.1446,2.45,1.03,0.637,1
wc2006-switzerland-ukraine,2006-06-26,2006,LAST_16,Switzerland,Ukraine,DRAW,0,0,339,0.7551,0.1841,0.0608,2.2,0.5,0.7551,0,0.5817,0.265,0.1533,2.73,0.96,0.5817,0,0.6337,0.2407,0.1256,2.57,0.82,0.6337,0
wc2006-brazil-ghana,2006-06-27,2006,LAST_16,Brazil,Ghana,HOME,3,0,280,0.6896,0.215,0.0954,2.05,0.65,0.6896,1,0.7832,0.1347,0.0821,3.52,0.77,0.7832,1,0.7551,0.1588,0.0861,3.08,0.73,0.7551,1
wc2006-spain-france,2006-06-27,2006,LAST_16,Spain,France,AWAY,1,3,-30,0.3209,0.2891,0.39,1.28,1.43,0.39,1,0.428,0.2743,0.2977,2.68,1.23,0.428,0,0.3959,0.2787,0.3254,2.26,1.29,0.3959,0
wc2006-germany-argentina,2006-06-30,2006,QUARTER_FINAL,Germany,Argentina,DRAW,1,1,-90,0.2564,0.2816,0.462,1.13,1.58,0.462,0,0.3667,0.2701,0.3632,2.55,1.53,0.3667,0,0.3336,0.2736,0.3928,2.12,1.54,0.3928,0
wc2006-italy-ukraine,2006-06-30,2006,QUARTER_FINAL,Italy,Ukraine,HOME,3,0,395,0.8123,0.1523,0.0354,2.34,0.36,0.8123,1,0.6943,0.1982,0.1075,2.9,0.78,0.6943,1,0.7297,0.1844,0.0859,2.73,0.65,0.7297,1
wc2006-england-portugal,2006-07-01,2006,QUARTER_FINAL,England,Portugal,DRAW,0,0,62,0.4284,0.286,0.2856,1.51,1.19,0.4284,0,0.5382,0.2339,0.2279,3.01,1.09,0.5382,0,0.5053,0.2495,0.2452,2.56,1.12,0.5053,0
wc2006-brazil-france,2006-07-01,2006,QUARTER_FINAL,Brazil,France,AWAY,0,1,-97,0.2496,0.2804,0.47,1.11,1.59,0.47,1,0.5273,0.222,0.2507,2.85,1.29,0.5273,0,0.444,0.2395,0.3165,2.33,1.38,0.444,0
wc2006-germany-italy,2006-07-04,2006,SEMI_FINAL,Germany,Italy,AWAY,0,2,0,0.3545,0.29,0.3554,1.35,1.35,0.3554,1,0.4165,0.2878,0.2957,2.76,1.37,0.4165,0,0.3979,0.2885,0.3136,2.34,1.36,0.3979,0
wc2006-portugal-france,2006-07-05,2006,SEMI_FINAL,Portugal,France,AWAY,0,1,-91,0.2557,0.2815,0.4629,1.12,1.58,0.4629,1,0.3997,0.2916,0.3087,2.41,1.31,0.3997,0,0.3565,0.2886,0.355,2.02,1.39,0.3565,0
wc2006-italy-france,2006-07-09,2006,FINAL,Italy,France,DRAW,1,1,-144,0.2028,0.2687,0.5286,0.99,1.71,0.5286,0,0.4353,0.2709,0.2938,2.67,1.22,0.4353,0,0.3656,0.2702,0.3642,2.17,1.37,0.3656,0
wc2010-south-africa-mexico,2010-06-11,2010,GROUP_STAGE,South Africa,Mexico,DRAW,1,1,-272,0.1001,0.2185,0.6815,0.67,2.03,0.6815,0,0.4438,0.2094,0.3468,3.69,1.58,0.4438,0,0.3407,0.2121,0.4472,2.78,1.72,0.4472,0
wc2010-uruguay-france,2010-06-11,2010,GROUP_STAGE,Uruguay,France,DRAW,0,0,-243,0.1206,0.2321,0.6473,0.74,1.96,0.6473,0,0.3543,0.2666,0.3791,2.41,1.59,0.3791,0,0.2842,0.2563,0.4596,1.91,1.7,0.4596,0
wc2010-korea-republic-greece,2010-06-12,2010,GROUP_STAGE,Korea Republic,Greece,HOME,2,0,0,0.3551,0.29,0.3548,1.35,1.35,0.3551,1,0.4745,0.2077,0.3178,3.59,1.41,0.4745,1,0.4387,0.2324,0.3289,2.92,1.39,0.4387,1
wc2010-argentina-nigeria,2010-06-12,2010,GROUP_STAGE,Argentina,Nigeria,HOME,1,0,316,0.7308,0.1962,0.073,2.14,0.56,0.7308,1,0.7051,0.1812,0.1137,2.72,0.82,0.7051,1,0.7128,0.1857,0.1015,2.55,0.74,0.7128,1
wc2010-england-united-states,2010-06-12,2010,GROUP_STAGE,England,United States,DRAW,1,1,473,0.8522,0.1246,0.0232,2.53,0.3,0.8522,0,0.5232,0.2409,0.2359,2.87,1.45,0.5232,0,0.6219,0.206,0.1721,2.77,1.11,0.6219,0
wc2010-algeria-slovenia,2010-06-13,2010,GROUP_STAGE,Algeria,Slovenia,AWAY,0,1,191,0.585,0.2534,0.1616,1.83,0.87,0.585,0,0.6634,0.1984,0.1382,2.84,0.9,0.6634,0,0.6399,0.2149,0.1452,2.54,0.89,0.6399,0
wc2010-serbia-ghana,2010-06-13,2010,GROUP_STAGE,Serbia,Ghana,AWAY,0,1,47,0.4108,0.2877,0.3015,1.47,1.23,0.4108,0,0.7081,0.1726,0.1193,2.47,0.89,0.7081,0,0.6189,0.2071,0.174,2.17,0.99,0.6189,0
wc2010-germany-australia,2010-06-13,2010,GROUP_STAGE,Germany,Australia,HOME,4,0,159,0.5461,0.2643,0.1896,1.75,0.95,0.5461,1,0.6614,0.2112,0.1274,3.08,1.1,0.6614,1,0.6268,0.2271,0.1461,2.68,1.06,0.6268,1
wc2010-netherlands-denmark,2010-06-14,2010,GROUP_STAGE,Netherlands,Denmark,HOME,2,0,111,0.4883,0.2772,0.2346,1.63,1.07,0.4883,1,0.4851,0.2563,0.2586,2.93,1.28,0.4851,1,0.4861,0.2626,0.2514,2.54,1.22,0.4861,1
wc2010-japan-cameroon,2010-06-14,2010,GROUP_STAGE,Japan,Cameroon,HOME,1,0,183,0.5757,0.2562,0.1681,1.81,0.89,0.5757,1,0.5434,0.2471,0.2095,2.61,0.95,0.5434,1,0.5531,0.2498,0.1971,2.37,0.93,0.5531,1
wc2010-italy-paraguay,2010-06-14,2010,GROUP_STAGE,Italy,Paraguay,DRAW,1,1,204,0.6012,0.2483,0.1505,1.86,0.84,0.6012,0,0.7143,0.1788,0.1069,2.7,0.73,0.7143,0,0.6804,0.1997,0.12,2.45,0.76,0.6804,0
wc2010-new-zealand-slovakia,2010-06-15,2010,GROUP_STAGE,New Zealand,Slovakia,DRAW,1,1,79,0.4485,0.2836,0.268,1.55,1.15,0.4485,0,0.478,0.2033,0.3187,3.59,1.4,0.478,0,0.4692,0.2274,0.3035,2.98,1.33,0.4692,0
wc2010-c-te-divoire-portugal,2010-06-15,2010,GROUP_STAGE,Côte d'Ivoire,Portugal,DRAW,0,0,-449,0.0246,0.1305,0.845,0.3,2.47,0.845,0,0.4356,0.211,0.3534,3.67,1.6,0.4356,0,0.3123,0.1869,0.5009,2.66,1.86,0.5009,0
wc2010-brazil-korea-dpr,2010-06-15,2010,GROUP_STAGE,Brazil,Korea DPR,HOME,2,1,443,0.8432,0.1319,0.0249,2.46,0.3,0.8432,1,0.5227,0.2375,0.2398,2.78,1.51,0.5227,1,0.6189,0.2058,0.1753,2.68,1.15,0.6189,1
wc2010-honduras-chile,2010-06-16,2010,GROUP_STAGE,Honduras,Chile,AWAY,0,1,-117,0.229,0.2759,0.4951,1.06,1.64,0.4951,1,0.2855,0.235,0.4795,1.85,1.47,0.4795,1,0.2685,0.2473,0.4842,1.61,1.52,0.4842,1
wc2010-spain-switzerland,2010-06-16,2010,GROUP_STAGE,Spain,Switzerland,AWAY,0,1,171,0.5607,0.2604,0.1788,1.78,0.92,0.5607,0,0.598,0.2252,0.1768,2.88,0.98,0.598,0,0.5868,0.2358,0.1774,2.55,0.96,0.5868,0
wc2010-south-africa-uruguay,2010-06-16,2010,GROUP_STAGE,South Africa,Uruguay,AWAY,0,3,-203,0.1513,0.2487,0.6,0.84,1.86,0.6,1,0.4454,0.213,0.3416,3.69,1.58,0.4454,0,0.3572,0.2237,0.4191,2.84,1.66,0.4191,1
wc2010-argentina-korea-republic,2010-06-17,2010,GROUP_STAGE,Argentina,Korea Republic,HOME,4,1,485,0.8555,0.1219,0.0226,2.56,0.3,0.8555,1,0.5244,0.2385,0.2371,2.87,1.46,0.5244,1,0.6237,0.2035,0.1728,2.78,1.11,0.6237,1
wc2010-greece-nigeria,2010-06-17,2010,GROUP_STAGE,Greece,Nigeria,HOME,2,1,-168,0.1811,0.2613,0.5576,0.93,1.77,0.5576,0,0.3901,0.2733,0.3366,2.44,1.52,0.3901,1,0.3274,0.2697,0.4029,1.99,1.6,0.4029,0
wc2010-france-mexico,2010-06-17,2010,GROUP_STAGE,France,Mexico,AWAY,0,2,174,0.5647,0.2593,0.1759,1.79,0.91,0.5647,0,0.6528,0.1967,0.1505,2.93,1.1,0.6528,0,0.6264,0.2155,0.1581,2.59,1.04,0.6264,0
wc2010-germany-serbia,2010-06-18,2010,GROUP_STAGE,Germany,Serbia,AWAY,0,1,184,0.5766,0.2559,0.1675,1.81,0.89,0.5766,0,0.6116,0.2186,0.1698,3.29,0.92,0.6116,0,0.6011,0.2298,0.1691,2.85,0.91,0.6011,0
wc2010-slovenia-united-states,2010-06-18,2010,GROUP_STAGE,Slovenia,United States,DRAW,2,2,-38,0.3122,0.2885,0.3993,1.26,1.44,0.3993,0,0.4427,0.2441,0.3132,2.7,2.07,0.4427,0,0.4035,0.2574,0.339,2.27,1.88,0.4035,0
wc2010-england-algeria,2010-06-18,2010,GROUP_STAGE,England,Algeria,DRAW,0,0,320,0.7353,0.194,0.0707,2.15,0.55,0.7353,0,0.681,0.1957,0.1233,2.71,0.9,0.681,0,0.6973,0.1952,0.1075,2.54,0.79,0.6973,0
wc2010-netherlands-japan,2010-06-19,2010,GROUP_STAGE,Netherlands,Japan,HOME,1,0,88,0.4597,0.282,0.2583,1.57,1.13,0.4597,1,0.6371,0.2227,0.1402,2.77,0.99,0.6371,1,0.5839,0.2405,0.1756,2.41,1.03,0.5839,1
wc2010-ghana-australia,2010-06-19,2010,GROUP_STAGE,Ghana,Australia,DRAW,1,1,-72,0.2748,0.2846,0.4406,1.17,1.53,0.4406,0,0.3464,0.2734,0.3802,2.15,1.67,0.3802,0,0.3249,0.2768,0.3983,1.86,1.63,0.3983,0
wc2010-cameroon-denmark,2010-06-19,2010,GROUP_STAGE,Cameroon,Denmark,AWAY,1,2,-160,0.189,0.2641,0.5469,0.95,1.75,0.5469,1,0.2916,0.2279,0.4805,1.95,1.69,0.4805,1,0.2608,0.2388,0.5004,1.65,1.71,0.5004,1
wc2010-slovakia-paraguay,2010-06-20,2010,GROUP_STAGE,Slovakia,Paraguay,AWAY,0,2,-191,0.1617,0.2534,0.5849,0.87,1.83,0.5849,1,0.4256,0.289,0.2854,2.47,1.4,0.4256,0,0.3464,0.2783,0.3752,1.99,1.53,0.3752,1
wc2010-italy-new-zealand,2010-06-20,2010,GROUP_STAGE,Italy,New Zealand,DRAW,1,1,316,0.7309,0.1961,0.0729,2.14,0.56,0.7309,0,0.5233,0.2407,0.236,2.87,1.44,0.5233,0,0.5856,0.2273,0.1871,2.65,1.18,0.5856,0
wc2010-brazil-c-te-divoire,2010-06-20,2010,GROUP_STAGE,Brazil,Côte d'Ivoire,HOME,3,1,443,0.8432,0.1319,0.0249,2.46,0.3,0.8432,1,0.5227,0.2375,0.2398,2.78,1.51,0.5227,1,0.6189,0.2058,0.1753,2.68,1.15,0.6189,1
wc2010-portugal-korea-dpr,2010-06-21,2010,GROUP_STAGE,Portugal,Korea DPR,HOME,7,0,449,0.845,0.1304,0.0246,2.47,0.3,0.845,1,0.5191,0.2416,0.2393,2.85,1.46,0.5191,1,0.6169,0.2082,0.1749,2.74,1.11,0.6169,1
wc2010-chile-switzerland,2010-06-21,2010,GROUP_STAGE,Chile,Switzerland,HOME,1,0,-224,0.1345,0.2402,0.6253,0.79,1.91,0.6253,0,0.3671,0.2215,0.4114,2.39,1.59,0.4114,0,0.2973,0.2271,0.4756,1.91,1.69,0.4756,0
wc2010-spain-honduras,2010-06-21,2010,GROUP_STAGE,Spain,Honduras,HOME,2,0,513,0.8632,0.1156,0.0212,2.63,0.3,0.8632,1,0.7818,0.1376,0.0806,3.26,0.88,0.7818,1,0.8062,0.131,0.0628,3.07,0.71,0.8062,1
wc2010-mexico-uruguay,2010-06-22,2010,GROUP_STAGE,Mexico,Uruguay,AWAY,0,1,69,0.4368,0.285,0.2781,1.52,1.18,0.4368,0,0.4499,0.2465,0.3036,3.06,1.55,0.4499,0,0.446,0.2581,0.296,2.6,1.44,0.446,0
wc2010-france-south-africa,2010-06-22,2010,GROUP_STAGE,France,South Africa,AWAY,1,2,447,0.8443,0.131,0.0247,2.47,0.3,0.8443,0,0.5234,0.2399,0.2367,2.87,1.46,0.5234,0,0.6197,0.2072,0.1731,2.75,1.11,0.6197,0
wc2010-nigeria-korea-republic,2010-06-22,2010,GROUP_STAGE,Nigeria,Korea Republic,DRAW,2,2,168,0.5579,0.2612,0.1809,1.77,0.93,0.5579,0,0.4919,0.2314,0.2767,2.95,1.74,0.4919,0,0.5117,0.2403,0.248,2.6,1.5,0.5117,0
wc2010-greece-argentina,2010-06-22,2010,GROUP_STAGE,Greece,Argentina,AWAY,0,2,-485,0.0226,0.1219,0.8555,0.3,2.56,0.8555,1,0.2047,0.2044,0.5909,1.46,1.82,0.5909,1,0.1501,0.1796,0.6703,1.11,2.04,0.6703,1
wc2010-slovenia-england,2010-06-23,2010,GROUP_STAGE,Slovenia,England,AWAY,0,1,-511,0.0213,0.116,0.8628,0.3,2.63,0.8628,1,0.2046,0.1928,0.6026,1.42,1.58,0.6026,1,0.1496,0.1698,0.6807,1.08,1.89,0.6807,1
wc2010-united-states-algeria,2010-06-23,2010,GROUP_STAGE,United States,Algeria,HOME,1,0,-153,0.1953,0.2663,0.5384,0.97,1.73,0.5384,0,0.4628,0.2058,0.3314,3.65,1.51,0.4628,1,0.3826,0.224,0.3935,2.85,1.58,0.3935,0
wc2010-ghana-germany,2010-06-23,2010,GROUP_STAGE,Ghana,Germany,AWAY,0,1,-231,0.1294,0.2373,0.6332,0.77,1.93,0.6332,1,0.2189,0.214,0.5671,1.67,1.99,0.5671,1,0.1921,0.221,0.5869,1.4,1.97,0.5869,1
wc2010-australia-serbia,2010-06-23,2010,GROUP_STAGE,Australia,Serbia,HOME,2,1,25,0.3844,0.2894,0.3263,1.41,1.29,0.3844,1,0.4093,0.2625,0.3282,2.36,1.45,0.4093,1,0.4018,0.2706,0.3276,2.08,1.4,0.4018,1
wc2010-paraguay-new-zealand,2010-06-24,2010,GROUP_STAGE,Paraguay,New Zealand,DRAW,0,0,112,0.4892,0.277,0.2338,1.63,1.07,0.4892,0,0.4756,0.2455,0.2789,2.81,1.7,0.4756,0,0.4797,0.255,0.2654,2.46,1.51,0.4797,0
wc2010-slovakia-italy,2010-06-24,2010,GROUP_STAGE,Slovakia,Italy,HOME,3,2,-395,0.0355,0.1524,0.8121,0.36,2.34,0.8121,0,0.2391,0.2224,0.5385,1.68,1.49,0.5385,0,0.178,0.2014,0.6206,1.28,1.74,0.6206,0
wc2010-denmark-japan,2010-06-24,2010,GROUP_STAGE,Denmark,Japan,AWAY,1,3,-23,0.3285,0.2895,0.3821,1.29,1.41,0.3821,1,0.614,0.2315,0.1545,2.86,1.06,0.614,0,0.5284,0.2489,0.2228,2.39,1.16,0.5284,0
wc2010-cameroon-netherlands,2010-06-24,2010,GROUP_STAGE,Cameroon,Netherlands,AWAY,1,2,-271,0.1011,0.2192,0.6798,0.67,2.03,0.6798,1,0.2586,0.2357,0.5057,1.68,1.87,0.5057,1,0.2114,0.2308,0.5579,1.38,1.92,0.5579,1
wc2010-portugal-brazil,2010-06-25,2010,GROUP_STAGE,Portugal,Brazil,DRAW,0,0,6,0.362,0.29,0.3481,1.37,1.34,0.362,0,0.3553,0.2741,0.3706,2.22,1.41,0.3706,0,0.3573,0.2789,0.3639,1.96,1.39,0.3639,0
wc2010-korea-dpr-c-te-divoire,2010-06-25,2010,GROUP_STAGE,Korea DPR,Côte d'Ivoire,AWAY,0,3,0,0.3551,0.29,0.3548,1.35,1.35,0.3551,0,0.4862,0.2172,0.2966,3.6,1.75,0.4862,0,0.4469,0.239,0.3141,2.93,1.63,0.4469,0
wc2010-chile-spain,2010-06-25,2010,GROUP_STAGE,Chile,Spain,AWAY,1,2,-395,0.0354,0.1523,0.8123,0.36,2.34,0.8123,1,0.2923,0.2131,0.4946,1.89,1.75,0.4946,1,0.2152,0.1949,0.5899,1.43,1.93,0.5899,1
wc2010-switzerland-honduras,2010-06-25,2010,GROUP_STAGE,Switzerland,Honduras,DRAW,0,0,342,0.7584,0.1824,0.0592,2.2,0.5,0.7584,0,0.7564,0.1491,0.0945,3.02,1.08,0.7564,0,0.757,0.1591,0.0839,2.78,0.9,0.757,0
wc2010-uruguay-korea-republic,2010-06-26,2010,LAST_16,Uruguay,Korea Republic,HOME,2,1,296,0.7088,0.2065,0.0847,2.09,0.61,0.7088,1,0.4969,0.248,0.2551,2.85,1.6,0.4969,1,0.5605,0.2356,0.204,2.62,1.3,0.5605,1
wc2010-united-states-ghana,2010-06-26,2010,LAST_16,United States,Ghana,AWAY,1,2,-125,0.2209,0.2739,0.5052,1.04,1.66,0.5052,1,0.4904,0.2136,0.296,3.57,1.39,0.4904,0,0.4095,0.2317,0.3588,2.81,1.47,0.4095,0
wc2010-germany-england,2010-06-27,2010,LAST_16,Germany,England,HOME,4,1,-116,0.2297,0.2761,0.4942,1.06,1.64,0.4942,0,0.4125,0.2895,0.298,2.76,1.37,0.4125,1,0.3577,0.2855,0.3569,2.25,1.45,0.3577,1
wc2010-argentina-mexico,2010-06-27,2010,LAST_16,Argentina,Mexico,HOME,3,1,119,0.4975,0.2754,0.2271,1.65,1.05,0.4975,1,0.6623,0.1931,0.1446,2.88,1.1,0.6623,1,0.6129,0.2178,0.1694,2.51,1.09,0.6129,1
wc2010-netherlands-slovakia,2010-06-28,2010,LAST_16,Netherlands,Slovakia,HOME,2,1,402,0.819,0.1483,0.0327,2.36,0.35,0.819,1,0.7439,0.1603,0.0958,2.88,0.79,0.7439,1,0.7664,0.1567,0.0769,2.72,0.66,0.7664,1
wc2010-brazil-chile,2010-06-28,2010,LAST_16,Brazil,Chile,HOME,3,0,329,0.7442,0.1896,0.0662,2.17,0.53,0.7442,1,0.7232,0.1782,0.0986,2.78,0.8,0.7232,1,0.7295,0.1816,0.0889,2.6,0.72,0.7295,1
wc2010-paraguay-japan,2010-06-29,2010,LAST_16,Paraguay,Japan,DRAW,0,0,-123,0.2232,0.2744,0.5024,1.04,1.66,0.5024,0,0.3505,0.2735,0.376,2.14,1.46,0.376,0,0.3123,0.2738,0.4139,1.81,1.52,0.4139,0
wc2010-spain-portugal,2010-06-29,2010,LAST_16,Spain,Portugal,HOME,1,0,61,0.4266,0.2862,0.2872,1.5,1.2,0.4266,1,0.5045,0.2593,0.2362,2.98,1.1,0.5045,1,0.4811,0.2674,0.2515,2.54,1.13,0.4811,1
wc2010-netherlands-brazil,2010-07-02,2010,QUARTER_FINAL,Netherlands,Brazil,HOME,2,1,-41,0.3088,0.2883,0.4029,1.25,1.45,0.4029,0,0.3619,0.2716,0.3665,2.38,1.41,0.3665,0,0.346,0.2766,0.3774,2.04,1.42,0.3774,0
wc2010-uruguay-ghana,2010-07-02,2010,QUARTER_FINAL,Uruguay,Ghana,DRAW,1,1,133,0.5145,0.2719,0.2136,1.68,1.02,0.5145,0,0.7547,0.1477,0.0976,3.05,0.88,0.7547,0,0.6826,0.185,0.1324,2.64,0.92,0.6826,0
wc2010-argentina-germany,2010-07-03,2010,QUARTER_FINAL,Argentina,Germany,AWAY,0,4,90,0.462,0.2816,0.2564,1.58,1.13,0.462,0,0.6187,0.2065,0.1748,2.87,1.36,0.6187,0,0.5717,0.229,0.1993,2.48,1.29,0.5717,0
wc2010-paraguay-spain,2010-07-03,2010,QUARTER_FINAL,Paraguay,Spain,AWAY,0,1,-319,0.0717,0.195,0.7333,0.55,2.15,0.7333,1,0.2388,0.2481,0.5131,1.52,1.67,0.5131,1,0.1887,0.2322,0.5792,1.23,1.81,0.5792,1
wc2010-uruguay-netherlands,2010-07-06,2010,SEMI_FINAL,Uruguay,Netherlands,AWAY,2,3,-106,0.2405,0.2785,0.481,1.09,1.61,0.481,1,0.399,0.2748,0.3262,2.72,1.63,0.399,0,0.3515,0.2759,0.3726,2.23,1.63,0.3726,1
wc2010-germany-spain,2010-07-07,2010,SEMI_FINAL,Germany,Spain,AWAY,0,1,-115,0.2312,0.2764,0.4924,1.06,1.64,0.4924,1,0.4168,0.2874,0.2958,2.76,1.42,0.4168,0,0.3611,0.2841,0.3548,2.25,1.49,0.3611,0
wc2010-netherlands-spain,2010-07-11,2010,FINAL,Netherlands,Spain,AWAY,0,1,-107,0.2386,0.2781,0.4833,1.08,1.62,0.4833,1,0.4349,0.2847,0.2804,2.68,1.3,0.4349,0,0.376,0.2827,0.3413,2.2,1.4,0.376,0
wc2014-brazil-croatia,2014-06-12,2014,GROUP_STAGE,Brazil,Croatia,HOME,3,1,109,0.4847,0.2778,0.2375,1.62,1.08,0.4847,1,0.6754,0.178,0.1466,2.81,1.21,0.6754,1,0.6182,0.2079,0.1739,2.45,1.17,0.6182,1
wc2014-mexico-cameroon,2014-06-13,2014,GROUP_STAGE,Mexico,Cameroon,HOME,1,0,235,0.6375,0.2358,0.1267,1.94,0.76,0.6375,1,0.675,0.2072,0.1178,2.93,0.89,0.675,1,0.6637,0.2158,0.1205,2.63,0.85,0.6637,1
wc2014-spain-netherlands,2014-06-13,2014,GROUP_STAGE,Spain,Netherlands,AWAY,1,5,108,0.4835,0.278,0.2385,1.62,1.08,0.4835,0,0.4665,0.2626,0.2709,2.82,1.24,0.4665,0,0.4716,0.2672,0.2612,2.46,1.19,0.4716,0
wc2014-chile-australia,2014-06-13,2014,GROUP_STAGE,Chile,Australia,HOME,3,1,-122,0.2248,0.2748,0.5004,1.05,1.65,0.5004,0,0.5015,0.2127,0.2858,2.92,1.41,0.5015,1,0.4185,0.2313,0.3502,2.36,1.48,0.4185,1
wc2014-colombia-greece,2014-06-14,2014,GROUP_STAGE,Colombia,Greece,HOME,3,0,402,0.819,0.1483,0.0327,2.35,0.35,0.819,1,0.679,0.1964,0.1246,2.53,0.92,0.679,1,0.721,0.182,0.097,2.48,0.75,0.721,1
wc2014-uruguay-costa-rica,2014-06-14,2014,GROUP_STAGE,Uruguay,Costa Rica,AWAY,1,3,296,0.7089,0.2065,0.0847,2.09,0.61,0.7089,0,0.4996,0.2453,0.2551,2.93,1.6,0.4996,0,0.5624,0.2337,0.204,2.68,1.3,0.5624,0
wc2014-england-italy,2014-06-14,2014,GROUP_STAGE,England,Italy,AWAY,1,2,116,0.4939,0.2761,0.23,1.64,1.06,0.4939,0,0.4506,0.265,0.2844,2.78,1.25,0.4506,0,0.4636,0.2683,0.2681,2.44,1.19,0.4636,0
wc2014-c-te-divoire-japan,2014-06-14,2014,GROUP_STAGE,Côte d'Ivoire,Japan,HOME,2,1,-314,0.0744,0.1975,0.7281,0.57,2.13,0.7281,0,0.4562,0.2107,0.3331,3.65,1.55,0.4562,1,0.3417,0.2067,0.4516,2.72,1.73,0.4516,0
wc2014-switzerland-ecuador,2014-06-15,2014,GROUP_STAGE,Switzerland,Ecuador,HOME,2,1,46,0.4091,0.2878,0.3031,1.47,1.23,0.4091,1,0.6561,0.2197,0.1242,2.55,0.9,0.6561,1,0.582,0.2401,0.1779,2.22,1,0.582,1
wc2014-france-honduras,2014-06-15,2014,GROUP_STAGE,France,Honduras,HOME,3,0,543,0.8711,0.1092,0.0197,2.71,0.3,0.8711,1,0.7885,0.1334,0.0781,3.42,0.89,0.7885,1,0.8133,0.1261,0.0606,3.21,0.71,0.8133,1
wc2014-argentina-bosnia-and-herzegovina,2014-06-15,2014,GROUP_STAGE,Argentina,Bosnia and Herzegovina,HOME,2,1,379,0.7964,0.1616,0.042,2.3,0.4,0.7964,1,0.5244,0.2385,0.2371,2.87,1.46,0.5244,1,0.606,0.2154,0.1786,2.7,1.14,0.606,1
wc2014-germany-portugal,2014-06-16,2014,GROUP_STAGE,Germany,Portugal,HOME,4,0,-54,0.2944,0.287,0.4186,1.21,1.49,0.4186,0,0.4539,0.2608,0.2853,3.09,1.33,0.4539,1,0.4061,0.2687,0.3253,2.53,1.38,0.4061,1
wc2014-ir-iran-nigeria,2014-06-16,2014,GROUP_STAGE,IR Iran,Nigeria,DRAW,0,0,-168,0.1811,0.2613,0.5576,0.93,1.77,0.5576,0,0.4611,0.2044,0.3345,3.65,1.51,0.4611,0,0.3771,0.2215,0.4014,2.83,1.59,0.4014,0
wc2014-ghana-united-states,2014-06-16,2014,GROUP_STAGE,Ghana,United States,AWAY,1,2,125,0.5054,0.2738,0.2208,1.66,1.04,0.5054,0,0.4431,0.2432,0.3137,2.71,2.07,0.4431,0,0.4618,0.2524,0.2858,2.4,1.76,0.4618,0
wc2014-belgium-algeria,2014-06-17,2014,GROUP_STAGE,Belgium,Algeria,HOME,2,1,192,0.5869,0.2528,0.1603,1.83,0.87,0.5869,1,0.702,0.1787,0.1193,2.7,0.94,0.702,1,0.6675,0.2009,0.1316,2.44,0.92,0.6675,1
wc2014-brazil-mexico,2014-06-17,2014,GROUP_STAGE,Brazil,Mexico,DRAW,0,0,77,0.4469,0.2838,0.2694,1.54,1.16,0.4469,0,0.6901,0.1739,0.136,2.82,1.04,0.6901,0,0.6171,0.2069,0.176,2.44,1.07,0.6171,0
wc2014-russia-korea-republic,2014-06-17,2014,GROUP_STAGE,Russia,Korea Republic,DRAW,1,1,0,0.3551,0.29,0.3548,1.35,1.35,0.3551,0,0.494,0.232,0.274,2.95,1.7,0.494,0,0.4523,0.2494,0.2982,2.47,1.59,0.4523,0
wc2014-australia-netherlands,2014-06-18,2014,GROUP_STAGE,Australia,Netherlands,AWAY,2,3,-166,0.1832,0.262,0.5548,0.94,1.77,0.5548,1,0.2864,0.2141,0.4995,1.79,1.74,0.4995,1,0.2554,0.2285,0.5161,1.53,1.75,0.5161,1
wc2014-spain-chile,2014-06-18,2014,GROUP_STAGE,Spain,Chile,AWAY,0,2,395,0.8126,0.1521,0.0353,2.34,0.36,0.8126,0,0.6785,0.2005,0.121,2.81,0.86,0.6785,0,0.7187,0.186,0.0953,2.67,0.71,0.7187,0
wc2014-cameroon-croatia,2014-06-18,2014,GROUP_STAGE,Cameroon,Croatia,AWAY,0,4,-203,0.1513,0.2487,0.6,0.84,1.86,0.6,1,0.3145,0.2203,0.4652,2.19,1.61,0.4652,1,0.2655,0.2288,0.5056,1.79,1.68,0.5056,1
wc2014-colombia-c-te-divoire,2014-06-19,2014,GROUP_STAGE,Colombia,Côte d'Ivoire,HOME,2,1,402,0.819,0.1483,0.0327,2.35,0.35,0.819,1,0.4852,0.2452,0.2696,2.7,1.61,0.4852,1,0.5853,0.2161,0.1985,2.6,1.23,0.5853,1
wc2014-uruguay-england,2014-06-19,2014,GROUP_STAGE,Uruguay,England,HOME,2,1,-215,0.1423,0.2443,0.6135,0.81,1.89,0.6135,0,0.3755,0.2899,0.3346,2.47,1.58,0.3755,1,0.3055,0.2762,0.4183,1.97,1.67,0.4183,0
wc2014-japan-greece,2014-06-19,2014,GROUP_STAGE,Japan,Greece,DRAW,0,0,314,0.7284,0.1973,0.0743,2.14,0.56,0.7284,0,0.667,0.1949,0.1381,2.52,0.9,0.667,0,0.6854,0.1956,0.119,2.4,0.8,0.6854,0
wc2014-italy-costa-rica,2014-06-20,2014,GROUP_STAGE,Italy,Costa Rica,AWAY,0,1,395,0.8124,0.1523,0.0353,2.34,0.36,0.8124,0,0.5233,0.2407,0.236,2.87,1.44,0.5233,0,0.61,0.2142,0.1758,2.71,1.12,0.61,0
wc2014-switzerland-france,2014-06-20,2014,GROUP_STAGE,Switzerland,France,AWAY,2,5,-201,0.1535,0.2497,0.5968,0.85,1.85,0.5968,1,0.3369,0.2731,0.39,2.14,1.43,0.39,1,0.2819,0.2661,0.452,1.75,1.56,0.452,1
wc2014-honduras-ecuador,2014-06-20,2014,GROUP_STAGE,Honduras,Ecuador,AWAY,1,2,-296,0.0852,0.2069,0.7079,0.61,2.09,0.7079,1,0.3482,0.2623,0.3895,2.1,1.33,0.3895,1,0.2693,0.2457,0.485,1.65,1.56,0.485,1
wc2014-argentina-ir-iran,2014-06-21,2014,GROUP_STAGE,Argentina,IR Iran,HOME,1,0,485,0.8555,0.1219,0.0226,2.56,0.3,0.8555,1,0.5244,0.2385,0.2371,2.87,1.46,0.5244,1,0.6237,0.2035,0.1728,2.78,1.11,0.6237,1
wc2014-germany-ghana,2014-06-21,2014,GROUP_STAGE,Germany,Ghana,DRAW,2,2,231,0.6336,0.2372,0.1292,1.93,0.77,0.6336,0,0.768,0.137,0.095,3.29,0.83,0.768,0,0.7277,0.1671,0.1053,2.88,0.81,0.7277,0
wc2014-nigeria-bosnia-and-herzegovina,2014-06-21,2014,GROUP_STAGE,Nigeria,Bosnia and Herzegovina,HOME,1,0,63,0.429,0.2859,0.2851,1.51,1.19,0.429,1,0.4919,0.2314,0.2767,2.95,1.74,0.4919,1,0.473,0.2478,0.2792,2.52,1.58,0.473,1
wc2014-belgium-russia,2014-06-22,2014,GROUP_STAGE,Belgium,Russia,HOME,1,0,383,0.8006,0.1592,0.0402,2.31,0.39,0.8006,1,0.7065,0.1815,0.112,2.68,0.89,0.7065,1,0.7347,0.1748,0.0905,2.57,0.74,0.7347,1
wc2014-korea-republic-algeria,2014-06-22,2014,GROUP_STAGE,Korea Republic,Algeria,AWAY,2,4,-191,0.1618,0.2535,0.5847,0.87,1.83,0.5847,1,0.4628,0.2058,0.3314,3.65,1.51,0.4628,0,0.3725,0.2201,0.4074,2.82,1.6,0.4074,1
wc2014-united-states-portugal,2014-06-22,2014,GROUP_STAGE,United States,Portugal,DRAW,2,2,-411,0.0295,0.1432,0.8273,0.32,2.38,0.8273,0,0.4356,0.211,0.3534,3.67,1.6,0.4356,0,0.3138,0.1907,0.4956,2.67,1.83,0.4956,0
wc2014-australia-spain,2014-06-23,2014,GROUP_STAGE,Australia,Spain,AWAY,0,3,-274,0.0993,0.2179,0.6827,0.67,2.03,0.6827,1,0.2706,0.2165,0.5129,1.73,1.94,0.5129,1,0.2192,0.2169,0.5638,1.41,1.97,0.5638,1
wc2014-netherlands-chile,2014-06-23,2014,GROUP_STAGE,Netherlands,Chile,HOME,2,0,288,0.6991,0.2108,0.09,2.07,0.63,0.6991,1,0.6588,0.2143,0.1269,2.85,0.93,0.6588,1,0.6709,0.2133,0.1158,2.62,0.84,0.6709,1
wc2014-croatia-mexico,2014-06-23,2014,GROUP_STAGE,Croatia,Mexico,AWAY,1,3,-31,0.3199,0.289,0.3911,1.27,1.43,0.3911,1,0.4502,0.2459,0.3039,3.06,1.56,0.4502,0,0.4111,0.2588,0.3301,2.52,1.52,0.4111,0
wc2014-cameroon-brazil,2014-06-23,2014,GROUP_STAGE,Cameroon,Brazil,AWAY,1,4,-312,0.0756,0.1986,0.7258,0.57,2.13,0.7258,1,0.2114,0.2248,0.5638,1.35,1.95,0.5638,1,0.1707,0.2169,0.6124,1.12,2,0.6124,1
wc2014-costa-rica-england,2014-06-24,2014,GROUP_STAGE,Costa Rica,England,DRAW,0,0,-511,0.0213,0.116,0.8628,0.3,2.63,0.8628,0,0.4266,0.2131,0.3603,3.6,1.58,0.4266,0,0.305,0.184,0.5111,2.61,1.89,0.5111,0
wc2014-italy-uruguay,2014-06-24,2014,GROUP_STAGE,Italy,Uruguay,AWAY,0,1,99,0.4726,0.2799,0.2474,1.6,1.1,0.4726,0,0.5959,0.213,0.1911,2.93,1.08,0.5959,0,0.5589,0.2331,0.208,2.53,1.09,0.5589,0
wc2014-japan-colombia,2014-06-24,2014,GROUP_STAGE,Japan,Colombia,AWAY,1,4,-88,0.2588,0.282,0.4592,1.13,1.57,0.4592,1,0.4124,0.2489,0.3387,2.53,1.55,0.4124,0,0.3663,0.2588,0.3749,2.11,1.56,0.3749,1
wc2014-greece-c-te-divoire,2014-06-24,2014,GROUP_STAGE,Greece,Côte d'Ivoire,HOME,2,1,0,0.3551,0.29,0.3548,1.35,1.35,0.3551,1,0.4519,0.2458,0.3023,2.73,1.88,0.4519,1,0.4229,0.2591,0.3181,2.32,1.72,0.4229,1
wc2014-bosnia-and-herzegovina-ir-iran,2014-06-25,2014,GROUP_STAGE,Bosnia and Herzegovina,IR Iran,HOME,3,1,106,0.4814,0.2784,0.2402,1.61,1.09,0.4814,1,0.4862,0.2172,0.2966,3.6,1.75,0.4862,1,0.4848,0.2356,0.2797,3,1.55,0.4848,1
wc2014-nigeria-argentina,2014-06-25,2014,GROUP_STAGE,Nigeria,Argentina,AWAY,2,3,-316,0.0732,0.1963,0.7305,0.56,2.14,0.7305,1,0.2565,0.206,0.5375,1.78,1.91,0.5375,1,0.2015,0.2031,0.5954,1.41,1.98,0.5954,1
wc2014-honduras-switzerland,2014-06-25,2014,GROUP_STAGE,Honduras,Switzerland,AWAY,0,3,-342,0.0594,0.1825,0.7581,0.5,2.2,0.7581,1,0.2155,0.1834,0.6011,1.63,1.8,0.6011,1,0.1687,0.1831,0.6482,1.29,1.92,0.6482,1
wc2014-ecuador-france,2014-06-25,2014,GROUP_STAGE,Ecuador,France,DRAW,0,0,-247,0.118,0.2305,0.6515,0.73,1.97,0.6515,0,0.2472,0.2397,0.5131,1.62,1.68,0.5131,0,0.2084,0.2369,0.5546,1.35,1.77,0.5546,0
wc2014-united-states-germany,2014-06-26,2014,GROUP_STAGE,United States,Germany,AWAY,0,1,-357,0.0521,0.1743,0.7736,0.46,2.24,0.7736,1,0.4324,0.213,0.3546,3.68,1.71,0.4324,0,0.3183,0.2014,0.4803,2.71,1.87,0.4803,1
wc2014-portugal-ghana,2014-06-26,2014,GROUP_STAGE,Portugal,Ghana,HOME,2,1,285,0.6965,0.212,0.0915,2.06,0.64,0.6965,1,0.7612,0.1431,0.0957,2.9,0.77,0.7612,1,0.7418,0.1638,0.0944,2.65,0.73,0.7418,1
wc2014-korea-republic-belgium,2014-06-26,2014,GROUP_STAGE,Korea Republic,Belgium,AWAY,0,1,-383,0.0403,0.1593,0.8004,0.39,2.31,0.8004,1,0.4194,0.2129,0.3677,3.67,1.67,0.4194,0,0.3057,0.1968,0.4975,2.69,1.86,0.4975,1
wc2014-algeria-russia,2014-06-26,2014,GROUP_STAGE,Algeria,Russia,DRAW,1,1,191,0.585,0.2534,0.1616,1.83,0.87,0.585,0,0.4428,0.2366,0.3206,2.66,1.47,0.4428,0,0.4855,0.2416,0.2729,2.41,1.29,0.4855,0
wc2014-brazil-chile,2014-06-28,2014,LAST_16,Brazil,Chile,DRAW,1,1,329,0.7442,0.1896,0.0662,2.17,0.53,0.7442,0,0.7232,0.1782,0.0986,2.78,0.8,0.7232,0,0.7295,0.1816,0.0889,2.6,0.72,0.7295,0
wc2014-colombia-uruguay,2014-06-28,2014,LAST_16,Colombia,Uruguay,HOME,2,0,105,0.4808,0.2785,0.2407,1.61,1.09,0.4808,1,0.4253,0.2759,0.2988,2.49,1.41,0.4253,1,0.442,0.2767,0.2814,2.23,1.31,0.442,1
wc2014-netherlands-mexico,2014-06-29,2014,LAST_16,Netherlands,Mexico,HOME,2,1,37,0.3977,0.2886,0.3137,1.44,1.26,0.3977,1,0.5479,0.2178,0.2343,3.08,1.15,0.5479,1,0.5028,0.239,0.2581,2.59,1.18,0.5028,1
wc2014-costa-rica-greece,2014-06-29,2014,LAST_16,Costa Rica,Greece,DRAW,1,1,0,0.355,0.29,0.355,1.35,1.35,0.355,0,0.4745,0.2088,0.3167,3.52,1.41,0.4745,0,0.4387,0.2332,0.3282,2.87,1.39,0.4387,0
wc2014-france-nigeria,2014-06-30,2014,LAST_16,France,Nigeria,HOME,2,0,371,0.7886,0.1661,0.0454,2.28,0.42,0.7886,1,0.7132,0.1796,0.1072,2.86,0.82,0.7132,1,0.7358,0.1756,0.0887,2.69,0.7,0.7358,1
wc2014-germany-algeria,2014-06-30,2014,LAST_16,Germany,Algeria,HOME,2,1,204,0.6008,0.2485,0.1508,1.86,0.84,0.6008,1,0.668,0.2119,0.1201,3.12,0.92,0.668,1,0.6478,0.2229,0.1293,2.74,0.9,0.6478,1
wc2014-argentina-switzerland,2014-07-01,2014,LAST_16,Argentina,Switzerland,HOME,1,0,146,0.5302,0.2683,0.2016,1.71,0.99,0.5302,1,0.6698,0.1965,0.1337,2.88,1.03,0.6698,1,0.6279,0.218,0.1541,2.53,1.02,0.6279,1
wc2014-belgium-united-states,2014-07-01,2014,LAST_16,Belgium,United States,HOME,2,1,345,0.7616,0.1807,0.0577,2.21,0.49,0.7616,1,0.5213,0.2396,0.2391,2.77,1.52,0.5213,1,0.5934,0.2219,0.1847,2.6,1.21,0.5934,1
wc2014-france-germany,2014-07-04,2014,QUARTER_FINAL,France,Germany,AWAY,0,1,145,0.5291,0.2686,0.2024,1.71,0.99,0.5291,0,0.6163,0.2127,0.171,2.93,1.25,0.6163,0,0.5901,0.2295,0.1804,2.56,1.17,0.5901,0
wc2014-brazil-colombia,2014-07-04,2014,QUARTER_FINAL,Brazil,Colombia,HOME,2,1,41,0.4031,0.2883,0.3086,1.45,1.25,0.4031,1,0.7141,0.1725,0.1134,2.86,0.91,0.7141,1,0.6208,0.2072,0.172,2.44,1.01,0.6208,1
wc2014-argentina-belgium,2014-07-05,2014,QUARTER_FINAL,Argentina,Belgium,HOME,1,0,102,0.4761,0.2793,0.2445,1.6,1.1,0.4761,1,0.4207,0.2672,0.3121,2.66,1.46,0.4207,1,0.4373,0.2708,0.2918,2.34,1.35,0.4373,1
wc2014-netherlands-costa-rica,2014-07-05,2014,QUARTER_FINAL,Netherlands,Costa Rica,DRAW,0,0,402,0.819,0.1483,0.0327,2.36,0.35,0.819,0,0.5153,0.246,0.2387,2.78,1.46,0.5153,0,0.6064,0.2167,0.1769,2.65,1.13,0.6064,0
wc2014-brazil-germany,2014-07-08,2014,SEMI_FINAL,Brazil,Germany,AWAY,1,7,48,0.4117,0.2876,0.3007,1.47,1.23,0.4117,0,0.6676,0.1818,0.1506,2.92,1.34,0.6676,0,0.5908,0.2135,0.1956,2.49,1.31,0.5908,0
wc2014-netherlands-argentina,2014-07-09,2014,SEMI_FINAL,Netherlands,Argentina,DRAW,0,0,-83,0.264,0.2829,0.453,1.14,1.56,0.453,0,0.3945,0.2954,0.3101,2.43,1.42,0.3945,0,0.3554,0.2917,0.353,2.04,1.46,0.3554,0
wc2014-germany-argentina,2014-07-13,2014,FINAL,Germany,Argentina,HOME,1,0,-90,0.2564,0.2816,0.462,1.13,1.58,0.462,0,0.3667,0.2701,0.3632,2.55,1.53,0.3667,1,0.3336,0.2736,0.3928,2.12,1.54,0.3928,0
wc2018-russia-saudi-arabia,2018-06-14,2018,GROUP_STAGE,Russia,Saudi Arabia,HOME,5,0,-157,0.1909,0.2648,0.5443,0.96,1.74,0.5443,0,0.494,0.232,0.274,2.95,1.7,0.494,1,0.4031,0.2418,0.3551,2.35,1.71,0.4031,1
wc2018-egypt-uruguay,2018-06-15,2018,GROUP_STAGE,Egypt,Uruguay,AWAY,0,1,-78,0.2691,0.2837,0.4472,1.16,1.54,0.4472,1,0.3291,0.2089,0.462,2.21,1.76,0.462,1,0.3111,0.2313,0.4576,1.89,1.7,0.4576,1
wc2018-morocco-ir-iran,2018-06-15,2018,GROUP_STAGE,Morocco,IR Iran,AWAY,0,1,402,0.819,0.1483,0.0327,2.35,0.35,0.819,0,0.4738,0.2411,0.2851,2.6,1.68,0.4738,0,0.5774,0.2133,0.2094,2.53,1.28,0.5774,0
wc2018-portugal-spain,2018-06-15,2018,GROUP_STAGE,Portugal,Spain,DRAW,3,3,-61,0.2874,0.2862,0.4264,1.2,1.5,0.4264,0,0.4334,0.2734,0.2932,2.73,1.32,0.4334,0,0.3896,0.2772,0.3332,2.27,1.37,0.3896,0
wc2018-france-australia,2018-06-16,2018,GROUP_STAGE,France,Australia,HOME,2,1,304,0.7169,0.2028,0.0803,2.11,0.59,0.7169,1,0.6906,0.1869,0.1225,2.79,1.03,0.6906,1,0.6985,0.1917,0.1098,2.59,0.9,0.6985,1
wc2018-argentina-iceland,2018-06-16,2018,GROUP_STAGE,Argentina,Iceland,DRAW,1,1,485,0.8555,0.1219,0.0226,2.56,0.3,0.8555,0,0.7752,0.1375,0.0873,3.26,0.72,0.7752,0,0.7993,0.1328,0.0679,3.05,0.59,0.7993,0
wc2018-peru-denmark,2018-06-16,2018,GROUP_STAGE,Peru,Denmark,AWAY,0,1,-180,0.1707,0.2572,0.5721,0.9,1.8,0.5721,1,0.3565,0.2498,0.3937,2.17,1.6,0.3937,1,0.3008,0.252,0.4472,1.79,1.66,0.4472,1
wc2018-croatia-nigeria,2018-06-16,2018,GROUP_STAGE,Croatia,Nigeria,HOME,2,0,166,0.555,0.262,0.183,1.77,0.93,0.555,1,0.616,0.2398,0.1442,3.06,1.03,0.616,1,0.5977,0.2465,0.1558,2.67,1,0.5977,1
wc2018-costa-rica-serbia,2018-06-17,2018,GROUP_STAGE,Costa Rica,Serbia,AWAY,0,1,-211,0.1453,0.2458,0.6089,0.82,1.88,0.6089,1,0.4567,0.2118,0.3315,3.69,1.52,0.4567,0,0.3633,0.222,0.4147,2.83,1.63,0.4147,1
wc2018-germany-mexico,2018-06-17,2018,GROUP_STAGE,Germany,Mexico,AWAY,0,1,29,0.3891,0.2891,0.3218,1.42,1.28,0.3891,0,0.4739,0.2335,0.2926,3.39,1.49,0.4739,0,0.4485,0.2502,0.3014,2.8,1.43,0.4485,0
wc2018-brazil-switzerland,2018-06-17,2018,GROUP_STAGE,Brazil,Switzerland,DRAW,1,1,104,0.4793,0.2788,0.2419,1.61,1.09,0.4793,0,0.6947,0.1756,0.1297,2.82,1.02,0.6947,0,0.6301,0.2066,0.1634,2.46,1.04,0.6301,0
wc2018-sweden-korea-republic,2018-06-18,2018,GROUP_STAGE,Sweden,Korea Republic,HOME,1,0,249,0.6544,0.2294,0.1162,1.97,0.73,0.6544,1,0.4764,0.2333,0.2903,2.83,1.84,0.4764,1,0.5298,0.2321,0.2381,2.57,1.51,0.5298,1
wc2018-belgium-panama,2018-06-18,2018,GROUP_STAGE,Belgium,Panama,HOME,3,0,298,0.7102,0.2058,0.0839,2.09,0.61,0.7102,1,0.7766,0.1357,0.0877,3.43,0.77,0.7766,1,0.7567,0.1567,0.0866,3.03,0.72,0.7567,1
wc2018-tunisia-england,2018-06-18,2018,GROUP_STAGE,Tunisia,England,AWAY,1,2,-366,0.0475,0.1688,0.7837,0.43,2.27,0.7837,1,0.2793,0.2085,0.5122,1.89,1.89,0.5122,1,0.2098,0.1966,0.5937,1.45,2,0.5937,1
wc2018-colombia-japan,2018-06-19,2018,GROUP_STAGE,Colombia,Japan,AWAY,1,2,88,0.4595,0.282,0.2585,1.57,1.13,0.4595,0,0.5183,0.2202,0.2615,2.78,1.16,0.5183,0,0.5007,0.2387,0.2606,2.42,1.15,0.5007,0
wc2018-poland-senegal,2018-06-19,2018,GROUP_STAGE,Poland,Senegal,AWAY,1,2,-74,0.2735,0.2844,0.4421,1.17,1.53,0.4421,1,0.4277,0.2466,0.3257,2.64,1.52,0.4277,0,0.3814,0.2579,0.3606,2.2,1.52,0.3814,0
wc2018-russia-egypt,2018-06-19,2018,GROUP_STAGE,Russia,Egypt,HOME,3,1,-218,0.1392,0.2427,0.6181,0.8,1.9,0.6181,0,0.501,0.2204,0.2786,2.88,1.16,0.501,1,0.3925,0.2271,0.3805,2.26,1.38,0.3925,1
wc2018-portugal-morocco,2018-06-20,2018,GROUP_STAGE,Portugal,Morocco,HOME,1,0,47,0.4103,0.2877,0.302,1.47,1.23,0.4103,1,0.6424,0.2131,0.1445,2.86,0.97,0.6424,1,0.5728,0.2355,0.1918,2.44,1.05,0.5728,1
wc2018-uruguay-saudi-arabia,2018-06-20,2018,GROUP_STAGE,Uruguay,Saudi Arabia,HOME,1,0,139,0.5219,0.2702,0.2079,1.7,1,0.5219,1,0.4996,0.2453,0.2551,2.93,1.6,0.4996,1,0.5063,0.2528,0.2409,2.56,1.42,0.5063,1
wc2018-ir-iran-spain,2018-06-20,2018,GROUP_STAGE,IR Iran,Spain,AWAY,0,1,-509,0.0213,0.1163,0.8624,0.3,2.62,0.8624,1,0.4283,0.2141,0.3576,3.6,1.62,0.4283,0,0.3062,0.1848,0.509,2.61,1.92,0.509,1
wc2018-denmark-australia,2018-06-21,2018,GROUP_STAGE,Denmark,Australia,DRAW,1,1,55,0.4195,0.2869,0.2936,1.49,1.21,0.4195,0,0.6693,0.2006,0.1301,2.71,1.1,0.6693,0,0.5944,0.2265,0.1792,2.34,1.13,0.5944,0
wc2018-france-peru,2018-06-21,2018,GROUP_STAGE,France,Peru,HOME,1,0,429,0.839,0.1353,0.0257,2.42,0.3,0.839,1,0.6953,0.1794,0.1253,2.8,0.84,0.6953,1,0.7384,0.1662,0.0954,2.69,0.68,0.7384,1
wc2018-argentina-croatia,2018-06-21,2018,GROUP_STAGE,Argentina,Croatia,AWAY,0,3,150,0.5357,0.2669,0.1974,1.73,0.97,0.5357,0,0.6467,0.1985,0.1548,2.8,1.18,0.6467,0,0.6134,0.219,0.1676,2.48,1.12,0.6134,0
wc2018-brazil-costa-rica,2018-06-22,2018,GROUP_STAGE,Brazil,Costa Rica,HOME,2,0,443,0.8432,0.1319,0.0249,2.46,0.3,0.8432,1,0.5227,0.2375,0.2398,2.78,1.51,0.5227,1,0.6189,0.2058,0.1753,2.68,1.15,0.6189,1
wc2018-nigeria-iceland,2018-06-22,2018,GROUP_STAGE,Nigeria,Iceland,HOME,2,0,168,0.5579,0.2612,0.1809,1.77,0.93,0.5579,1,0.6767,0.1869,0.1364,2.86,0.88,0.6767,1,0.6411,0.2092,0.1498,2.53,0.89,0.6411,1
wc2018-serbia-switzerland,2018-06-22,2018,GROUP_STAGE,Serbia,Switzerland,AWAY,1,2,-128,0.2186,0.2732,0.5082,1.03,1.67,0.5082,1,0.3987,0.2783,0.323,2.27,1.43,0.3987,0,0.3447,0.2768,0.3786,1.9,1.5,0.3786,1
wc2018-belgium-tunisia,2018-06-23,2018,GROUP_STAGE,Belgium,Tunisia,HOME,5,2,238,0.6421,0.2341,0.1238,1.95,0.75,0.6421,1,0.7045,0.1794,0.1161,2.65,0.91,0.7045,1,0.6858,0.1958,0.1184,2.44,0.86,0.6858,1
wc2018-korea-republic-mexico,2018-06-23,2018,GROUP_STAGE,Korea Republic,Mexico,AWAY,1,2,-365,0.048,0.1693,0.7827,0.44,2.26,0.7827,1,0.4438,0.2094,0.3468,3.69,1.58,0.4438,0,0.3251,0.1974,0.4776,2.71,1.79,0.4776,1
wc2018-germany-sweden,2018-06-23,2018,GROUP_STAGE,Germany,Sweden,HOME,2,1,146,0.5302,0.2683,0.2015,1.71,0.99,0.5302,1,0.6135,0.2333,0.1532,3.24,0.91,0.6135,1,0.5885,0.2438,0.1677,2.78,0.93,0.5885,1
wc2018-england-panama,2018-06-24,2018,GROUP_STAGE,England,Panama,HOME,6,1,426,0.8378,0.1362,0.0259,2.41,0.3,0.8378,1,0.7665,0.139,0.0945,3.17,0.76,0.7665,1,0.7879,0.1382,0.0739,2.94,0.62,0.7879,1
wc2018-japan-senegal,2018-06-24,2018,GROUP_STAGE,Japan,Senegal,DRAW,2,2,13,0.37,0.2898,0.3402,1.38,1.32,0.37,0,0.4198,0.2453,0.3349,2.54,1.52,0.4198,0,0.4049,0.2587,0.3365,2.19,1.46,0.4049,0
wc2018-poland-colombia,2018-06-24,2018,GROUP_STAGE,Poland,Colombia,AWAY,0,3,-174,0.1759,0.2593,0.5648,0.91,1.79,0.5648,1,0.4033,0.2583,0.3384,2.41,1.56,0.4033,0,0.3351,0.2586,0.4063,1.96,1.63,0.4063,1
wc2018-saudi-arabia-egypt,2018-06-25,2018,GROUP_STAGE,Saudi Arabia,Egypt,HOME,2,1,-61,0.2871,0.2862,0.4268,1.2,1.5,0.4268,0,0.4734,0.2046,0.322,3.65,1.46,0.4734,1,0.4175,0.2291,0.3534,2.91,1.47,0.4175,1
wc2018-uruguay-russia,2018-06-25,2018,GROUP_STAGE,Uruguay,Russia,HOME,3,0,296,0.7089,0.2065,0.0847,2.09,0.61,0.7089,1,0.5963,0.2534,0.1503,2.97,1.1,0.5963,1,0.6301,0.2393,0.1306,2.71,0.95,0.6301,1
wc2018-spain-morocco,2018-06-25,2018,GROUP_STAGE,Spain,Morocco,DRAW,2,2,108,0.4837,0.278,0.2383,1.62,1.08,0.4837,0,0.6649,0.2048,0.1303,2.8,0.88,0.6649,0,0.6105,0.2268,0.1627,2.45,0.94,0.6105,0
wc2018-ir-iran-portugal,2018-06-25,2018,GROUP_STAGE,IR Iran,Portugal,DRAW,1,1,-449,0.0246,0.1305,0.845,0.3,2.47,0.845,0,0.4356,0.211,0.3534,3.67,1.6,0.4356,0,0.3123,0.1869,0.5009,2.66,1.86,0.5009,0
wc2018-australia-peru,2018-06-26,2018,GROUP_STAGE,Australia,Peru,AWAY,0,2,126,0.5056,0.2738,0.2206,1.66,1.04,0.5056,0,0.4003,0.2703,0.3294,2.26,1.45,0.4003,0,0.4319,0.2714,0.2968,2.08,1.33,0.4319,0
wc2018-denmark-france,2018-06-26,2018,GROUP_STAGE,Denmark,France,DRAW,0,0,-249,0.1164,0.2295,0.6541,0.73,1.97,0.6541,0,0.3956,0.2792,0.3252,2.49,1.37,0.3956,0,0.3118,0.2643,0.4239,1.96,1.55,0.4239,0
wc2018-iceland-croatia,2018-06-26,2018,GROUP_STAGE,Iceland,Croatia,AWAY,1,2,-334,0.0632,0.1866,0.7502,0.51,2.19,0.7502,1,0.2388,0.2281,0.5331,1.63,1.58,0.5331,1,0.1861,0.2157,0.5982,1.3,1.76,0.5982,1
wc2018-nigeria-argentina,2018-06-26,2018,GROUP_STAGE,Nigeria,Argentina,AWAY,1,2,-316,0.0732,0.1963,0.7305,0.56,2.14,0.7305,1,0.2565,0.206,0.5375,1.78,1.91,0.5375,1,0.2015,0.2031,0.5954,1.41,1.98,0.5954,1
wc2018-korea-republic-germany,2018-06-27,2018,GROUP_STAGE,Korea Republic,Germany,HOME,2,0,-395,0.0356,0.1526,0.8117,0.36,2.34,0.8117,0,0.4324,0.213,0.3546,3.68,1.71,0.4324,1,0.3134,0.1949,0.4917,2.69,1.9,0.4917,0
wc2018-mexico-sweden,2018-06-27,2018,GROUP_STAGE,Mexico,Sweden,AWAY,0,3,117,0.4946,0.276,0.2294,1.64,1.06,0.4946,0,0.5685,0.236,0.1955,3.09,1.11,0.5685,0,0.5463,0.248,0.2057,2.66,1.09,0.5463,0
wc2018-switzerland-costa-rica,2018-06-27,2018,GROUP_STAGE,Switzerland,Costa Rica,DRAW,2,2,339,0.7552,0.184,0.0608,2.2,0.5,0.7552,0,0.4882,0.2486,0.2632,2.72,1.61,0.4882,0,0.5683,0.2292,0.2025,2.56,1.28,0.5683,0
wc2018-serbia-brazil,2018-06-27,2018,GROUP_STAGE,Serbia,Brazil,AWAY,0,2,-232,0.1287,0.2369,0.6343,0.77,1.93,0.6343,1,0.2346,0.2377,0.5277,1.49,1.98,0.5277,1,0.2028,0.2375,0.5597,1.27,1.97,0.5597,1
wc2018-japan-poland,2018-06-28,2018,GROUP_STAGE,Japan,Poland,AWAY,0,1,87,0.4579,0.2822,0.2599,1.57,1.13,0.4579,0,0.4455,0.2226,0.3319,2.62,1.45,0.4455,0,0.4492,0.2405,0.3103,2.3,1.36,0.4492,0
wc2018-senegal-colombia,2018-06-28,2018,GROUP_STAGE,Senegal,Colombia,AWAY,0,1,-101,0.2457,0.2796,0.4747,1.1,1.6,0.4747,1,0.4218,0.258,0.3202,2.64,1.52,0.4218,0,0.369,0.2645,0.3666,2.18,1.54,0.369,0
wc2018-england-belgium,2018-06-28,2018,GROUP_STAGE,England,Belgium,AWAY,0,1,128,0.5085,0.2731,0.2183,1.67,1.03,0.5085,0,0.4166,0.2791,0.3043,2.6,1.27,0.4166,0,0.4442,0.2773,0.2785,2.32,1.2,0.4442,0
wc2018-panama-tunisia,2018-06-28,2018,GROUP_STAGE,Panama,Tunisia,AWAY,1,2,-59,0.289,0.2864,0.4246,1.2,1.5,0.4246,1,0.3413,0.2619,0.3968,2.15,1.54,0.3968,1,0.3256,0.2693,0.4051,1.87,1.53,0.4051,1
wc2018-france-argentina,2018-06-30,2018,LAST_16,France,Argentina,HOME,4,3,55,0.4196,0.2869,0.2935,1.49,1.21,0.4196,1,0.4283,0.2656,0.3061,2.69,1.4,0.4283,1,0.4257,0.272,0.3023,2.33,1.34,0.4257,1
wc2018-uruguay-portugal,2018-06-30,2018,LAST_16,Uruguay,Portugal,HOME,2,1,-152,0.1954,0.2663,0.5382,0.97,1.73,0.5382,0,0.4175,0.2738,0.3087,2.78,1.56,0.4175,1,0.3509,0.2715,0.3776,2.24,1.61,0.3776,0
wc2018-spain-russia,2018-07-01,2018,LAST_16,Spain,Russia,DRAW,1,1,510,0.8624,0.1163,0.0213,2.62,0.3,0.8624,0,0.6951,0.1996,0.1053,2.74,0.78,0.6951,0,0.7453,0.1746,0.0801,2.71,0.64,0.7453,0
wc2018-croatia-denmark,2018-07-01,2018,LAST_16,Croatia,Denmark,DRAW,1,1,44,0.4063,0.288,0.3056,1.46,1.24,0.4063,0,0.4413,0.2713,0.2874,2.87,1.4,0.4413,0,0.4308,0.2763,0.2929,2.45,1.35,0.4308,0
wc2018-brazil-mexico,2018-07-02,2018,LAST_16,Brazil,Mexico,HOME,2,0,77,0.4467,0.2838,0.2695,1.54,1.16,0.4467,1,0.6962,0.1726,0.1312,2.9,1.04,0.6962,1,0.6214,0.206,0.1727,2.49,1.07,0.6214,1
wc2018-belgium-japan,2018-07-02,2018,LAST_16,Belgium,Japan,HOME,3,2,69,0.4366,0.2851,0.2784,1.52,1.18,0.4366,1,0.717,0.1687,0.1143,2.91,0.92,0.717,1,0.6329,0.2036,0.1635,2.49,1,0.6329,1
wc2018-sweden-switzerland,2018-07-03,2018,LAST_16,Sweden,Switzerland,HOME,1,0,-90,0.2565,0.2816,0.4619,1.13,1.57,0.4619,0,0.4014,0.2815,0.3171,2.27,1.42,0.4014,1,0.3579,0.2815,0.3605,1.93,1.47,0.3605,0
wc2018-colombia-england,2018-07-03,2018,LAST_16,Colombia,England,DRAW,1,1,-109,0.2369,0.2777,0.4854,1.08,1.62,0.4854,0,0.3337,0.2762,0.3901,2.07,1.61,0.3901,0,0.3047,0.2767,0.4187,1.77,1.61,0.4187,0
wc2018-uruguay-france,2018-07-06,2018,QUARTER_FINAL,Uruguay,France,AWAY,0,2,-243,0.1205,0.2321,0.6475,0.74,1.96,0.6475,1,0.348,0.2764,0.3756,2.35,1.59,0.3756,1,0.2797,0.2631,0.4572,1.87,1.7,0.4572,1
wc2018-brazil-belgium,2018-07-06,2018,QUARTER_FINAL,Brazil,Belgium,AWAY,1,2,60,0.4256,0.2863,0.2881,1.5,1.2,0.4256,0,0.4486,0.2496,0.3018,2.68,1.5,0.4486,0,0.4417,0.2606,0.2977,2.33,1.41,0.4417,0
wc2018-sweden-england,2018-07-07,2018,QUARTER_FINAL,Sweden,England,AWAY,0,2,-262,0.107,0.2234,0.6696,0.69,2.01,0.6696,1,0.3326,0.234,0.4334,2.14,1.37,0.4334,1,0.2649,0.2308,0.5043,1.71,1.56,0.5043,1
wc2018-russia-croatia,2018-07-07,2018,QUARTER_FINAL,Russia,Croatia,DRAW,2,2,-334,0.0631,0.1865,0.7504,0.51,2.19,0.7504,0,0.3333,0.2206,0.4461,2.2,1.53,0.4461,0,0.2522,0.2104,0.5374,1.69,1.73,0.5374,0
wc2018-france-belgium,2018-07-10,2018,SEMI_FINAL,France,Belgium,HOME,1,0,157,0.5432,0.2651,0.1917,1.74,0.96,0.5432,1,0.4315,0.2684,0.3001,2.69,1.26,0.4315,1,0.465,0.2674,0.2676,2.41,1.17,0.465,1
wc2018-croatia-england,2018-07-11,2018,SEMI_FINAL,Croatia,England,HOME,2,1,-177,0.1738,0.2585,0.5677,0.91,1.79,0.5677,0,0.3942,0.2965,0.3093,2.58,1.44,0.3942,1,0.3281,0.2851,0.3868,2.08,1.55,0.3868,0
wc2018-france-croatia,2018-07-15,2018,FINAL,France,Croatia,HOME,4,2,205,0.6022,0.248,0.1498,1.86,0.84,0.6022,1,0.6455,0.1997,0.1548,2.94,1.07,0.6455,1,0.6325,0.2142,0.1533,2.62,1,0.6325,1
wc2022-qatar-ecuador,2022-11-20,2022,GROUP_STAGE,Qatar,Ecuador,AWAY,0,2,-223,0.1356,0.2408,0.6236,0.79,1.91,0.6236,1,0.4428,0.2741,0.2831,2.66,1.4,0.4428,0,0.3506,0.2641,0.3853,2.1,1.55,0.3853,1
wc2022-england-ir-iran,2022-11-21,2022,GROUP_STAGE,England,IR Iran,HOME,6,2,511,0.8628,0.1159,0.0212,2.63,0.3,0.8628,1,0.5232,0.2409,0.2359,2.87,1.45,0.5232,1,0.6251,0.2034,0.1715,2.8,1.11,0.6251,1
wc2022-senegal-netherlands,2022-11-21,2022,GROUP_STAGE,Senegal,Netherlands,AWAY,0,2,-101,0.2455,0.2795,0.475,1.1,1.6,0.475,1,0.3442,0.2639,0.3919,2.16,1.67,0.3919,1,0.3146,0.2686,0.4168,1.84,1.65,0.4168,1
wc2022-united-states-wales,2022-11-21,2022,GROUP_STAGE,United States,Wales,DRAW,1,1,-147,0.2004,0.2679,0.5317,0.98,1.72,0.5317,0,0.4501,0.2152,0.3347,3.69,1.63,0.4501,0,0.3752,0.231,0.3938,2.88,1.66,0.3938,0
wc2022-argentina-saudi-arabia,2022-11-22,2022,GROUP_STAGE,Argentina,Saudi Arabia,AWAY,1,2,327,0.7427,0.1904,0.067,2.17,0.53,0.7427,0,0.5244,0.2385,0.2371,2.87,1.46,0.5244,0,0.5899,0.2241,0.1861,2.66,1.18,0.5899,0
wc2022-denmark-tunisia,2022-11-22,2022,GROUP_STAGE,Denmark,Tunisia,DRAW,0,0,146,0.5306,0.2682,0.2013,1.72,0.98,0.5306,0,0.6194,0.2412,0.1394,2.77,0.99,0.6194,0,0.5928,0.2493,0.158,2.45,0.99,0.5928,0
wc2022-mexico-poland,2022-11-22,2022,GROUP_STAGE,Mexico,Poland,DRAW,0,0,138,0.5208,0.2705,0.2088,1.7,1,0.5208,0,0.5656,0.2571,0.1773,3.09,1.11,0.5656,0,0.5522,0.2611,0.1868,2.67,1.08,0.5522,0
wc2022-france-australia,2022-11-22,2022,GROUP_STAGE,France,Australia,HOME,4,1,304,0.7169,0.2028,0.0803,2.11,0.59,0.7169,1,0.6906,0.1869,0.1225,2.79,1.03,0.6906,1,0.6985,0.1917,0.1098,2.59,0.9,0.6985,1
wc2022-morocco-croatia,2022-11-23,2022,GROUP_STAGE,Morocco,Croatia,DRAW,0,0,67,0.4348,0.2853,0.2799,1.52,1.18,0.4348,0,0.3675,0.29,0.3425,2.15,1.58,0.3675,0,0.3877,0.2886,0.3237,1.96,1.46,0.3877,0
wc2022-germany-japan,2022-11-23,2022,GROUP_STAGE,Germany,Japan,AWAY,1,2,81,0.4508,0.2832,0.266,1.55,1.15,0.4508,0,0.5934,0.222,0.1846,3.29,1.03,0.5934,0,0.5506,0.2404,0.209,2.77,1.07,0.5506,0
wc2022-spain-costa-rica,2022-11-23,2022,GROUP_STAGE,Spain,Costa Rica,HOME,7,0,510,0.8624,0.1163,0.0213,2.62,0.3,0.8624,1,0.5214,0.2434,0.2352,2.88,1.44,0.5214,1,0.6237,0.2053,0.171,2.8,1.1,0.6237,1
wc2022-belgium-canada,2022-11-23,2022,GROUP_STAGE,Belgium,Canada,HOME,1,0,156,0.5424,0.2653,0.1923,1.74,0.96,0.5424,1,0.7079,0.1792,0.1129,2.7,0.82,0.7079,1,0.6583,0.205,0.1367,2.41,0.86,0.6583,1
wc2022-switzerland-cameroon,2022-11-24,2022,GROUP_STAGE,Switzerland,Cameroon,HOME,1,0,208,0.6056,0.2469,0.1475,1.87,0.83,0.6056,1,0.6558,0.2219,0.1223,2.55,0.88,0.6558,1,0.6407,0.2294,0.1299,2.35,0.87,0.6407,1
wc2022-uruguay-korea-republic,2022-11-24,2022,GROUP_STAGE,Uruguay,Korea Republic,DRAW,0,0,296,0.7089,0.2065,0.0847,2.09,0.61,0.7089,0,0.4996,0.2453,0.2551,2.93,1.6,0.4996,0,0.5624,0.2337,0.204,2.68,1.3,0.5624,0
wc2022-portugal-ghana,2022-11-24,2022,GROUP_STAGE,Portugal,Ghana,HOME,3,2,285,0.6965,0.212,0.0915,2.06,0.64,0.6965,1,0.7612,0.1431,0.0957,2.9,0.77,0.7612,1,0.7418,0.1638,0.0944,2.65,0.73,0.7418,1
wc2022-brazil-serbia,2022-11-24,2022,GROUP_STAGE,Brazil,Serbia,HOME,2,0,232,0.6346,0.2368,0.1285,1.93,0.77,0.6346,1,0.7114,0.1685,0.1201,2.84,0.87,0.7114,1,0.6884,0.189,0.1226,2.57,0.84,0.6884,1
wc2022-wales-ir-iran,2022-11-25,2022,GROUP_STAGE,Wales,IR Iran,AWAY,0,2,185,0.5783,0.2554,0.1663,1.81,0.89,0.5783,0,0.4821,0.2439,0.274,2.7,1.61,0.4821,0,0.511,0.2474,0.2417,2.43,1.39,0.511,0
wc2022-qatar-senegal,2022-11-25,2022,GROUP_STAGE,Qatar,Senegal,AWAY,1,3,-231,0.1292,0.2372,0.6336,0.77,1.93,0.6336,1,0.3063,0.2167,0.477,2.25,1.75,0.477,1,0.2532,0.2229,0.524,1.81,1.8,0.524,1
wc2022-netherlands-ecuador,2022-11-25,2022,GROUP_STAGE,Netherlands,Ecuador,DRAW,1,1,109,0.4856,0.2777,0.2368,1.62,1.08,0.4856,0,0.688,0.2003,0.1117,2.71,0.81,0.688,0,0.6273,0.2235,0.1492,2.38,0.89,0.6273,0
wc2022-england-united-states,2022-11-25,2022,GROUP_STAGE,England,United States,DRAW,0,0,473,0.8522,0.1246,0.0232,2.53,0.3,0.8522,0,0.5232,0.2409,0.2359,2.87,1.45,0.5232,0,0.6219,0.206,0.1721,2.77,1.11,0.6219,0
wc2022-tunisia-australia,2022-11-26,2022,GROUP_STAGE,Tunisia,Australia,AWAY,0,1,-91,0.2552,0.2814,0.4634,1.12,1.58,0.4634,1,0.4908,0.2083,0.3009,2.92,1.39,0.4908,0,0.4201,0.2302,0.3497,2.38,1.45,0.4201,0
wc2022-poland-saudi-arabia,2022-11-26,2022,GROUP_STAGE,Poland,Saudi Arabia,HOME,2,0,70,0.4379,0.2849,0.2772,1.53,1.17,0.4379,1,0.4776,0.2327,0.2897,2.83,1.84,0.4776,1,0.4657,0.2484,0.286,2.44,1.64,0.4657,1
wc2022-france-denmark,2022-11-26,2022,GROUP_STAGE,France,Denmark,HOME,2,1,249,0.6544,0.2294,0.1162,1.97,0.73,0.6544,1,0.5833,0.2123,0.2044,2.87,1.04,0.5833,1,0.6046,0.2174,0.1779,2.6,0.95,0.6046,1
wc2022-argentina-mexico,2022-11-26,2022,GROUP_STAGE,Argentina,Mexico,HOME,2,0,119,0.4977,0.2754,0.227,1.65,1.05,0.4977,1,0.6568,0.1937,0.1495,2.81,1.1,0.6568,1,0.6091,0.2182,0.1728,2.46,1.09,0.6091,1
wc2022-japan-costa-rica,2022-11-27,2022,GROUP_STAGE,Japan,Costa Rica,AWAY,0,1,314,0.7284,0.1973,0.0743,2.14,0.56,0.7284,0,0.4653,0.2358,0.2989,2.6,1.84,0.4653,0,0.5442,0.2243,0.2315,2.46,1.46,0.5442,0
wc2022-belgium-morocco,2022-11-27,2022,GROUP_STAGE,Belgium,Morocco,AWAY,0,2,-19,0.3337,0.2897,0.3767,1.3,1.4,0.3767,1,0.7049,0.1699,0.1252,2.84,0.9,0.7049,0,0.5935,0.2058,0.2007,2.38,1.05,0.5935,0
wc2022-croatia-canada,2022-11-27,2022,GROUP_STAGE,Croatia,Canada,HOME,4,1,107,0.483,0.2781,0.2389,1.62,1.08,0.483,1,0.6788,0.2042,0.117,2.93,0.86,0.6788,1,0.6201,0.2264,0.1536,2.54,0.93,0.6201,1
wc2022-spain-germany,2022-11-27,2022,GROUP_STAGE,Spain,Germany,DRAW,1,1,115,0.4925,0.2764,0.2311,1.64,1.06,0.4925,0,0.5362,0.2402,0.2236,2.94,1.25,0.5362,0,0.5231,0.2511,0.2259,2.55,1.19,0.5231,0
wc2022-cameroon-serbia,2022-11-28,2022,GROUP_STAGE,Cameroon,Serbia,DRAW,3,3,-80,0.2671,0.2834,0.4495,1.15,1.55,0.4495,0,0.3697,0.2741,0.3562,2.3,1.45,0.3697,0,0.3389,0.2769,0.3842,1.96,1.48,0.3842,0
wc2022-korea-republic-ghana,2022-11-28,2022,GROUP_STAGE,Korea Republic,Ghana,AWAY,2,3,-163,0.1856,0.2629,0.5515,0.94,1.76,0.5515,1,0.4914,0.2123,0.2963,3.64,1.39,0.4914,0,0.3997,0.2275,0.3729,2.83,1.5,0.3997,0
wc2022-brazil-switzerland,2022-11-28,2022,GROUP_STAGE,Brazil,Switzerland,HOME,1,0,104,0.4793,0.2788,0.2419,1.61,1.09,0.4793,1,0.6947,0.1756,0.1297,2.82,1.02,0.6947,1,0.6301,0.2066,0.1634,2.46,1.04,0.6301,1
wc2022-portugal-uruguay,2022-11-28,2022,GROUP_STAGE,Portugal,Uruguay,HOME,2,0,152,0.5384,0.2663,0.1953,1.73,0.97,0.5384,1,0.542,0.221,0.237,2.96,1.16,0.542,1,0.5409,0.2346,0.2245,2.59,1.1,0.5409,1
wc2022-ecuador-senegal,2022-11-29,2022,GROUP_STAGE,Ecuador,Senegal,AWAY,1,2,-8,0.3455,0.2899,0.3645,1.33,1.37,0.3645,1,0.3546,0.242,0.4034,2.34,1.55,0.4034,1,0.3519,0.2564,0.3917,2.04,1.5,0.3917,1
wc2022-netherlands-qatar,2022-11-29,2022,GROUP_STAGE,Netherlands,Qatar,HOME,2,0,332,0.7483,0.1876,0.0642,2.18,0.52,0.7483,1,0.7225,0.169,0.1085,2.78,0.83,0.7225,1,0.7302,0.1746,0.0952,2.6,0.74,0.7302,1
wc2022-ir-iran-united-states,2022-11-29,2022,GROUP_STAGE,IR Iran,United States,AWAY,0,1,-38,0.3122,0.2885,0.3993,1.26,1.44,0.3993,1,0.4862,0.2172,0.2966,3.6,1.75,0.4862,0,0.434,0.2386,0.3274,2.9,1.66,0.434,0
wc2022-wales-england,2022-11-29,2022,GROUP_STAGE,Wales,England,AWAY,0,3,-326,0.0678,0.1912,0.741,0.54,2.16,0.741,1,0.327,0.2612,0.4118,2.08,1.43,0.4118,1,0.2492,0.2402,0.5106,1.62,1.65,0.5106,1
wc2022-australia-denmark,2022-11-30,2022,GROUP_STAGE,Australia,Denmark,HOME,1,0,-55,0.2939,0.2869,0.4192,1.21,1.49,0.4192,0,0.3347,0.2109,0.4544,2.14,1.58,0.4544,0,0.3225,0.2337,0.4438,1.86,1.55,0.4438,0
wc2022-tunisia-france,2022-11-30,2022,GROUP_STAGE,Tunisia,France,HOME,1,0,-395,0.0355,0.1525,0.812,0.36,2.34,0.812,0,0.2636,0.2094,0.527,1.78,1.91,0.527,0,0.1952,0.1923,0.6125,1.35,2.04,0.6125,0
wc2022-saudi-arabia-mexico,2022-11-30,2022,GROUP_STAGE,Saudi Arabia,Mexico,AWAY,1,2,-208,0.1476,0.2469,0.6055,0.83,1.87,0.6055,1,0.4438,0.2094,0.3468,3.69,1.58,0.4438,0,0.3549,0.2207,0.4244,2.83,1.67,0.4244,1
wc2022-poland-argentina,2022-11-30,2022,GROUP_STAGE,Poland,Argentina,AWAY,0,2,-257,0.1106,0.2257,0.6637,0.71,1.99,0.6637,1,0.2628,0.2145,0.5227,1.79,1.92,0.5227,1,0.2171,0.2179,0.565,1.47,1.94,0.565,1
wc2022-canada-morocco,2022-12-01,2022,GROUP_STAGE,Canada,Morocco,AWAY,1,2,-174,0.1757,0.2592,0.565,0.91,1.79,0.565,1,0.3838,0.2655,0.3507,2.24,1.45,0.3838,0,0.3214,0.2636,0.415,1.84,1.55,0.415,1
wc2022-croatia-belgium,2022-12-01,2022,GROUP_STAGE,Croatia,Belgium,DRAW,0,0,-49,0.3005,0.2876,0.4119,1.23,1.47,0.4119,0,0.3648,0.2744,0.3608,2.52,1.28,0.3648,0,0.3455,0.2784,0.3761,2.13,1.34,0.3761,0
wc2022-costa-rica-germany,2022-12-01,2022,GROUP_STAGE,Costa Rica,Germany,AWAY,2,4,-395,0.0356,0.1526,0.8117,0.36,2.34,0.8117,1,0.4324,0.213,0.3546,3.68,1.71,0.4324,0,0.3134,0.1949,0.4917,2.69,1.9,0.4917,1
wc2022-japan-spain,2022-12-01,2022,GROUP_STAGE,Japan,Spain,HOME,2,1,-195,0.1578,0.2517,0.5905,0.86,1.84,0.5905,0,0.3185,0.2341,0.4474,1.97,1.69,0.4474,0,0.2703,0.2394,0.4903,1.64,1.73,0.4903,0
wc2022-korea-republic-portugal,2022-12-02,2022,GROUP_STAGE,Korea Republic,Portugal,HOME,2,1,-449,0.0246,0.1305,0.845,0.3,2.47,0.845,0,0.4356,0.211,0.3534,3.67,1.6,0.4356,1,0.3123,0.1869,0.5009,2.66,1.86,0.5009,0
wc2022-ghana-uruguay,2022-12-02,2022,GROUP_STAGE,Ghana,Uruguay,AWAY,0,2,-133,0.2138,0.2719,0.5143,1.02,1.68,0.5143,1,0.2378,0.2267,0.5355,1.69,1.77,0.5355,1,0.2306,0.2403,0.5291,1.49,1.74,0.5291,1
wc2022-cameroon-brazil,2022-12-02,2022,GROUP_STAGE,Cameroon,Brazil,HOME,1,0,-312,0.0756,0.1986,0.7258,0.57,2.13,0.7258,0,0.2114,0.2248,0.5638,1.35,1.95,0.5638,0,0.1707,0.2169,0.6124,1.12,2,0.6124,0
wc2022-serbia-switzerland,2022-12-02,2022,GROUP_STAGE,Serbia,Switzerland,AWAY,2,3,-128,0.2186,0.2732,0.5082,1.03,1.67,0.5082,1,0.3987,0.2783,0.323,2.27,1.43,0.3987,0,0.3447,0.2768,0.3786,1.9,1.5,0.3786,1
wc2022-netherlands-united-states,2022-12-03,2022,LAST_16,Netherlands,United States,HOME,3,1,364,0.7814,0.1701,0.0486,2.26,0.44,0.7814,1,0.5153,0.246,0.2387,2.78,1.46,0.5153,1,0.5951,0.2232,0.1817,2.62,1.15,0.5951,1
wc2022-argentina-australia,2022-12-03,2022,LAST_16,Argentina,Australia,HOME,2,1,249,0.654,0.2295,0.1164,1.97,0.73,0.654,1,0.6963,0.1854,0.1183,2.79,1.01,0.6963,1,0.6836,0.1986,0.1177,2.54,0.93,0.6836,1
wc2022-france-poland,2022-12-04,2022,LAST_16,France,Poland,HOME,3,1,312,0.7261,0.1985,0.0755,2.13,0.57,0.7261,1,0.7059,0.1872,0.1069,2.83,0.81,0.7059,1,0.712,0.1906,0.0975,2.62,0.74,0.712,1
wc2022-england-senegal,2022-12-04,2022,LAST_16,England,Senegal,HOME,3,0,210,0.6079,0.2461,0.146,1.87,0.83,0.6079,1,0.6721,0.1989,0.129,2.96,1.02,0.6721,1,0.6528,0.2131,0.1341,2.63,0.96,0.6528,1
wc2022-japan-croatia,2022-12-05,2022,LAST_16,Japan,Croatia,DRAW,1,1,-20,0.3317,0.2896,0.3787,1.3,1.4,0.3787,0,0.3602,0.2812,0.3586,2.06,1.58,0.3602,0,0.3517,0.2837,0.3646,1.83,1.53,0.3646,0
wc2022-brazil-korea-republic,2022-12-05,2022,LAST_16,Brazil,Korea Republic,HOME,4,1,443,0.8432,0.1319,0.0249,2.46,0.3,0.8432,1,0.5188,0.2411,0.2401,2.68,1.51,0.5188,1,0.6161,0.2083,0.1755,2.61,1.15,0.6161,1
wc2022-morocco-spain,2022-12-06,2022,LAST_16,Morocco,Spain,DRAW,0,0,-108,0.2384,0.278,0.4836,1.08,1.62,0.4836,0,0.3054,0.2582,0.4364,1.88,1.69,0.4364,0,0.2853,0.2641,0.4506,1.64,1.67,0.4506,0
wc2022-portugal-switzerland,2022-12-06,2022,LAST_16,Portugal,Switzerland,HOME,6,1,110,0.4864,0.2775,0.2361,1.63,1.08,0.4864,1,0.5736,0.2218,0.2046,2.98,1.06,0.5736,1,0.5474,0.2385,0.2141,2.57,1.06,0.5474,1
wc2022-croatia-brazil,2022-12-09,2022,QUARTER_FINAL,Croatia,Brazil,DRAW,1,1,-108,0.2376,0.2779,0.4845,1.08,1.62,0.4845,0,0.3147,0.2844,0.4009,2.05,1.6,0.4009,0,0.2916,0.2825,0.426,1.76,1.61,0.426,0
wc2022-netherlands-argentina,2022-12-09,2022,QUARTER_FINAL,Netherlands,Argentina,DRAW,2,2,-83,0.264,0.2829,0.453,1.14,1.56,0.453,0,0.3945,0.2954,0.3101,2.43,1.42,0.3945,0,0.3554,0.2917,0.353,2.04,1.46,0.3554,0
wc2022-morocco-portugal,2022-12-10,2022,QUARTER_FINAL,Morocco,Portugal,HOME,1,0,-47,0.3021,0.2877,0.4102,1.23,1.47,0.4102,0,0.3395,0.2627,0.3978,2.04,1.63,0.3978,0,0.3283,0.2702,0.4015,1.8,1.58,0.4015,0
wc2022-england-france,2022-12-10,2022,QUARTER_FINAL,England,France,AWAY,1,2,-28,0.3226,0.2892,0.3882,1.28,1.42,0.3882,1,0.4367,0.2679,0.2954,2.67,1.23,0.4367,0,0.4025,0.2743,0.3232,2.25,1.29,0.4025,0
wc2022-argentina-croatia,2022-12-13,2022,SEMI_FINAL,Argentina,Croatia,HOME,3,0,150,0.5355,0.267,0.1975,1.73,0.97,0.5355,1,0.6525,0.1978,0.1497,2.87,1.18,0.6525,1,0.6174,0.2186,0.164,2.53,1.12,0.6174,1
wc2022-france-morocco,2022-12-14,2022,SEMI_FINAL,France,Morocco,HOME,2,0,138,0.5202,0.2706,0.2092,1.69,1.01,0.5202,1,0.7021,0.1793,0.1186,2.87,0.84,0.7021,1,0.6475,0.2067,0.1458,2.52,0.89,0.6475,1
wc2022-argentina-france,2022-12-18,2022,FINAL,Argentina,France,DRAW,3,3,-55,0.2935,0.2869,0.4196,1.21,1.49,0.4196,0,0.443,0.2553,0.3017,2.69,1.36,0.443,0,0.3982,0.2648,0.3371,2.25,1.4,0.3982,0